id,bucket
0,0
1,1
2,2
3,3
4,4
5,5
6,6
7,7
8,8
9,9
10,10
11,11
12,12
13,13
14,14
15,15
16,16
17,17
18,18
19,19
20,20
21,21
22,22
23,23
24,24
25,25
26,26
27,27
28,28
29,29
30,30
31,31
32,32
33,33
34,34
35,35
36,36
37,37
38,38
39,39
40,40
41,41
42,42
43,43
44,44
45,45
46,46
47,47
48,48
49,49
50,50
51,51
52,52
53,53
54,54
55,55
56,56
57,57
58,58
59,59
60,60
61,61
62,62
63,63
64,64
65,65
66,66
67,67
68,68
69,69
70,70
71,71
72,72
73,73
74,74
75,75
76,76
77,77
78,78
79,79
80,80
81,81
82,82
83,83
84,84
85,85
86,86
87,87
88,88
89,89
90,90
91,91
92,92
93,93
94,94
95,95
96,96
97,97
98,98
99,99
100,0
101,1
102,2
103,3
104,4
105,5
106,6
107,7
108,8
109,9
110,10
111,11
112,12
113,13
114,14
115,15
116,16
117,17
118,18
119,19
120,20
121,21
122,22
123,23
124,24
125,25
126,26
127,27
128,28
129,29
130,30
131,31
132,32
133,33
134,34
135,35
136,36
137,37
138,38
139,39
140,40
141,41
142,42
143,43
144,44
145,45
146,46
147,47
148,48
149,49
150,50
151,51
152,52
153,53
154,54
155,55
156,56
157,57
158,58
159,59
160,60
161,61
162,62
163,63
164,64
165,65
166,66
167,67
168,68
169,69
170,70
171,71
172,72
173,73
174,74
175,75
176,76
177,77
178,78
179,79
180,80
181,81
182,82
183,83
184,84
185,85
186,86
187,87
188,88
189,89
190,90
191,91
192,92
193,93
194,94
195,95
196,96
197,97
198,98
199,99
200,0
201,1
202,2
203,3
204,4
205,5
206,6
207,7
208,8
209,9
210,10
211,11
212,12
213,13
214,14
215,15
216,16
217,17
218,18
219,19
220,20
221,21
222,22
223,23
224,24
225,25
226,26
227,27
228,28
229,29
230,30
231,31
232,32
233,33
234,34
235,35
236,36
237,37
238,38
239,39
240,40
241,41
242,42
243,43
244,44
245,45
246,46
247,47
248,48
249,49
250,50
251,51
252,52
253,53
254,54
255,55
256,56
257,57
258,58
259,59
260,60
261,61
262,62
263,63
264,64
265,65
266,66
267,67
268,68
269,69
270,70
271,71
272,72
273,73
274,74
275,75
276,76
277,77
278,78
279,79
280,80
281,81
282,82
283,83
284,84
285,85
286,86
287,87
288,88
289,89
290,90
291,91
292,92
293,93
294,94
295,95
296,96
297,97
298,98
299,99
300,0
301,1
302,2
303,3
304,4
305,5
306,6
307,7
308,8
309,9
310,10
311,11
312,12
313,13
314,14
315,15
316,16
317,17
318,18
319,19
320,20
321,21
322,22
323,23
324,24
325,25
326,26
327,27
328,28
329,29
330,30
331,31
332,32
333,33
334,34
335,35
336,36
337,37
338,38
339,39
340,40
341,41
342,42
343,43
344,44
345,45
346,46
347,47
348,48
349,49
350,50
351,51
352,52
353,53
354,54
355,55
356,56
357,57
358,58
359,59
360,60
361,61
362,62
363,63
364,64
365,65
366,66
367,67
368,68
369,69
370,70
371,71
372,72
373,73
374,74
375,75
376,76
377,77
378,78
379,79
380,80
381,81
382,82
383,83
384,84
385,85
386,86
387,87
388,88
389,89
390,90
391,91
392,92
393,93
394,94
395,95
396,96
397,97
398,98
399,99
400,0
401,1
402,2
403,3
404,4
405,5
406,6
407,7
408,8
409,9
410,10
411,11
412,12
413,13
414,14
415,15
416,16
417,17
418,18
419,19
420,20
421,21
422,22
423,23
424,24
425,25
426,26
427,27
428,28
429,29
430,30
431,31
432,32
433,33
434,34
435,35
436,36
437,37
438,38
439,39
440,40
441,41
442,42
443,43
444,44
445,45
446,46
447,47
448,48
449,49
450,50
451,51
452,52
453,53
454,54
455,55
456,56
457,57
458,58
459,59
460,60
461,61
462,62
463,63
464,64
465,65
466,66
467,67
468,68
469,69
470,70
471,71
472,72
473,73
474,74
475,75
476,76
477,77
478,78
479,79
480,80
481,81
482,82
483,83
484,84
485,85
486,86
487,87
488,88
489,89
490,90
491,91
492,92
493,93
494,94
495,95
496,96
497,97
498,98
499,99
500,0
501,1
502,2
503,3
504,4
505,5
506,6
507,7
508,8
509,9
510,10
511,11
512,12
513,13
514,14
515,15
516,16
517,17
518,18
519,19
520,20
521,21
522,22
523,23
524,24
525,25
526,26
527,27
528,28
529,29
530,30
531,31
532,32
533,33
534,34
535,35
536,36
537,37
538,38
539,39
540,40
541,41
542,42
543,43
544,44
545,45
546,46
547,47
548,48
549,49
550,50
551,51
552,52
553,53
554,54
555,55
556,56
557,57
558,58
559,59
560,60
561,61
562,62
563,63
564,64
565,65
566,66
567,67
568,68
569,69
570,70
571,71
572,72
573,73
574,74
575,75
576,76
577,77
578,78
579,79
580,80
581,81
582,82
583,83
584,84
585,85
586,86
587,87
588,88
589,89
590,90
591,91
592,92
593,93
594,94
595,95
596,96
597,97
598,98
599,99
600,0
601,1
602,2
603,3
604,4
605,5
606,6
607,7
608,8
609,9
610,10
611,11
612,12
613,13
614,14
615,15
616,16
617,17
618,18
619,19
620,20
621,21
622,22
623,23
624,24
625,25
626,26
627,27
628,28
629,29
630,30
631,31
632,32
633,33
634,34
635,35
636,36
637,37
638,38
639,39
640,40
641,41
642,42
643,43
644,44
645,45
646,46
647,47
648,48
649,49
650,50
651,51
652,52
653,53
654,54
655,55
656,56
657,57
658,58
659,59
660,60
661,61
662,62
663,63
664,64
665,65
666,66
667,67
668,68
669,69
670,70
671,71
672,72
673,73
674,74
675,75
676,76
677,77
678,78
679,79
680,80
681,81
682,82
683,83
684,84
685,85
686,86
687,87
688,88
689,89
690,90
691,91
692,92
693,93
694,94
695,95
696,96
697,97
698,98
699,99
700,0
701,1
702,2
703,3
704,4
705,5
706,6
707,7
708,8
709,9
710,10
711,11
712,12
713,13
714,14
715,15
716,16
717,17
718,18
719,19
720,20
721,21
722,22
723,23
724,24
725,25
726,26
727,27
728,28
729,29
730,30
731,31
732,32
733,33
734,34
735,35
736,36
737,37
738,38
739,39
740,40
741,41
742,42
743,43
744,44
745,45
746,46
747,47
748,48
749,49
750,50
751,51
752,52
753,53
754,54
755,55
756,56
757,57
758,58
759,59
760,60
761,61
762,62
763,63
764,64
765,65
766,66
767,67
768,68
769,69
770,70
771,71
772,72
773,73
774,74
775,75
776,76
777,77
778,78
779,79
780,80
781,81
782,82
783,83
784,84
785,85
786,86
787,87
788,88
789,89
790,90
791,91
792,92
793,93
794,94
795,95
796,96
797,97
798,98
799,99
800,0
801,1
802,2
803,3
804,4
805,5
806,6
807,7
808,8
809,9
810,10
811,11
812,12
813,13
814,14
815,15
816,16
817,17
818,18
819,19
820,20
821,21
822,22
823,23
824,24
825,25
826,26
827,27
828,28
829,29
830,30
831,31
832,32
833,33
834,34
835,35
836,36
837,37
838,38
839,39
840,40
841,41
842,42
843,43
844,44
845,45
846,46
847,47
848,48
849,49
850,50
851,51
852,52
853,53
854,54
855,55
856,56
857,57
858,58
859,59
860,60
861,61
862,62
863,63
864,64
865,65
866,66
867,67
868,68
869,69
870,70
871,71
872,72
873,73
874,74
875,75
876,76
877,77
878,78
879,79
880,80
881,81
882,82
883,83
884,84
885,85
886,86
887,87
888,88
889,89
890,90
891,91
892,92
893,93
894,94
895,95
896,96
897,97
898,98
899,99
900,0
901,1
902,2
903,3
904,4
905,5
906,6
907,7
908,8
909,9
910,10
911,11
912,12
913,13
914,14
915,15
916,16
917,17
918,18
919,19
920,20
921,21
922,22
923,23
924,24
925,25
926,26
927,27
928,28
929,29
930,30
931,31
932,32
933,33
934,34
935,35
936,36
937,37
938,38
939,39
940,40
941,41
942,42
943,43
944,44
945,45
946,46
947,47
948,48
949,49
950,50
951,51
952,52
953,53
954,54
955,55
956,56
957,57
958,58
959,59
960,60
961,61
962,62
963,63
964,64
965,65
966,66
967,67
968,68
969,69
970,70
971,71
972,72
973,73
974,74
975,75
976,76
977,77
978,78
979,79
980,80
981,81
982,82
983,83
984,84
985,85
986,86
987,87
988,88
989,89
990,90
991,91
992,92
993,93
994,94
995,95
996,96
997,97
998,98
999,99
1000,0
1001,1
1002,2
1003,3
1004,4
1005,5
1006,6
1007,7
1008,8
1009,9
1010,10
1011,11
1012,12
1013,13
1014,14
1015,15
1016,16
1017,17
1018,18
1019,19
1020,20
1021,21
1022,22
1023,23
1024,24
1025,25
1026,26
1027,27
1028,28
1029,29
1030,30
1031,31
1032,32
1033,33
1034,34
1035,35
1036,36
1037,37
1038,38
1039,39
1040,40
1041,41
1042,42
1043,43
1044,44
1045,45
1046,46
1047,47
1048,48
1049,49
1050,50
1051,51
1052,52
1053,53
1054,54
1055,55
1056,56
1057,57
1058,58
1059,59
1060,60
1061,61
1062,62
1063,63
1064,64
1065,65
1066,66
1067,67
1068,68
1069,69
1070,70
1071,71
1072,72
1073,73
1074,74
1075,75
1076,76
1077,77
1078,78
1079,79
1080,80
1081,81
1082,82
1083,83
1084,84
1085,85
1086,86
1087,87
1088,88
1089,89
1090,90
1091,91
1092,92
1093,93
1094,94
1095,95
1096,96
1097,97
1098,98
1099,99
1100,0
1101,1
1102,2
1103,3
1104,4
1105,5
1106,6
1107,7
1108,8
1109,9
1110,10
1111,11
1112,12
1113,13
1114,14
1115,15
1116,16
1117,17
1118,18
1119,19
1120,20
1121,21
1122,22
1123,23
1124,24
1125,25
1126,26
1127,27
1128,28
1129,29
1130,30
1131,31
1132,32
1133,33
1134,34
1135,35
1136,36
1137,37
1138,38
1139,39
1140,40
1141,41
1142,42
1143,43
1144,44
1145,45
1146,46
1147,47
1148,48
1149,49
1150,50
1151,51
1152,52
1153,53
1154,54
1155,55
1156,56
1157,57
1158,58
1159,59
1160,60
1161,61
1162,62
1163,63
1164,64
1165,65
1166,66
1167,67
1168,68
1169,69
1170,70
1171,71
1172,72
1173,73
1174,74
1175,75
1176,76
1177,77
1178,78
1179,79
1180,80
1181,81
1182,82
1183,83
1184,84
1185,85
1186,86
1187,87
1188,88
1189,89
1190,90
1191,91
1192,92
1193,93
1194,94
1195,95
1196,96
1197,97
1198,98
1199,99
1200,0
1201,1
1202,2
1203,3
1204,4
1205,5
1206,6
1207,7
1208,8
1209,9
1210,10
1211,11
1212,12
1213,13
1214,14
1215,15
1216,16
1217,17
1218,18
1219,19
1220,20
1221,21
1222,22
1223,23
1224,24
1225,25
1226,26
1227,27
1228,28
1229,29
1230,30
1231,31
1232,32
1233,33
1234,34
1235,35
1236,36
1237,37
1238,38
1239,39
1240,40
1241,41
1242,42
1243,43
1244,44
1245,45
1246,46
1247,47
1248,48
1249,49
1250,50
1251,51
1252,52
1253,53
1254,54
1255,55
1256,56
1257,57
1258,58
1259,59
1260,60
1261,61
1262,62
1263,63
1264,64
1265,65
1266,66
1267,67
1268,68
1269,69
1270,70
1271,71
1272,72
1273,73
1274,74
1275,75
1276,76
1277,77
1278,78
1279,79
1280,80
1281,81
1282,82
1283,83
1284,84
1285,85
1286,86
1287,87
1288,88
1289,89
1290,90
1291,91
1292,92
1293,93
1294,94
1295,95
1296,96
1297,97
1298,98
1299,99
1300,0
1301,1
1302,2
1303,3
1304,4
1305,5
1306,6
1307,7
1308,8
1309,9
1310,10
1311,11
1312,12
1313,13
1314,14
1315,15
1316,16
1317,17
1318,18
1319,19
1320,20
1321,21
1322,22
1323,23
1324,24
1325,25
1326,26
1327,27
1328,28
1329,29
1330,30
1331,31
1332,32
1333,33
1334,34
1335,35
1336,36
1337,37
1338,38
1339,39
1340,40
1341,41
1342,42
1343,43
1344,44
1345,45
1346,46
1347,47
1348,48
1349,49
1350,50
1351,51
1352,52
1353,53
1354,54
1355,55
1356,56
1357,57
1358,58
1359,59
1360,60
1361,61
1362,62
1363,63
1364,64
1365,65
1366,66
1367,67
1368,68
1369,69
1370,70
1371,71
1372,72
1373,73
1374,74
1375,75
1376,76
1377,77
1378,78
1379,79
1380,80
1381,81
1382,82
1383,83
1384,84
1385,85
1386,86
1387,87
1388,88
1389,89
1390,90
1391,91
1392,92
1393,93
1394,94
1395,95
1396,96
1397,97
1398,98
1399,99
1400,0
1401,1
1402,2
1403,3
1404,4
1405,5
1406,6
1407,7
1408,8
1409,9
1410,10
1411,11
1412,12
1413,13
1414,14
1415,15
1416,16
1417,17
1418,18
1419,19
1420,20
1421,21
1422,22
1423,23
1424,24
1425,25
1426,26
1427,27
1428,28
1429,29
1430,30
1431,31
1432,32
1433,33
1434,34
1435,35
1436,36
1437,37
1438,38
1439,39
1440,40
1441,41
1442,42
1443,43
1444,44
1445,45
1446,46
1447,47
1448,48
1449,49
1450,50
1451,51
1452,52
1453,53
1454,54
1455,55
1456,56
1457,57
1458,58
1459,59
1460,60
1461,61
1462,62
1463,63
1464,64
1465,65
1466,66
1467,67
1468,68
1469,69
1470,70
1471,71
1472,72
1473,73
1474,74
1475,75
1476,76
1477,77
1478,78
1479,79
1480,80
1481,81
1482,82
1483,83
1484,84
1485,85
1486,86
1487,87
1488,88
1489,89
1490,90
1491,91
1492,92
1493,93
1494,94
1495,95
1496,96
1497,97
1498,98
1499,99
1500,0
1501,1
1502,2
1503,3
1504,4
1505,5
1506,6
1507,7
1508,8
1509,9
1510,10
1511,11
1512,12
1513,13
1514,14
1515,15
1516,16
1517,17
1518,18
1519,19
1520,20
1521,21
1522,22
1523,23
1524,24
1525,25
1526,26
1527,27
1528,28
1529,29
1530,30
1531,31
1532,32
1533,33
1534,34
1535,35
1536,36
1537,37
1538,38
1539,39
1540,40
1541,41
1542,42
1543,43
1544,44
1545,45
1546,46
1547,47
1548,48
1549,49
1550,50
1551,51
1552,52
1553,53
1554,54
1555,55
1556,56
1557,57
1558,58
1559,59
1560,60
1561,61
1562,62
1563,63
1564,64
1565,65
1566,66
1567,67
1568,68
1569,69
1570,70
1571,71
1572,72
1573,73
1574,74
1575,75
1576,76
1577,77
1578,78
1579,79
1580,80
1581,81
1582,82
1583,83
1584,84
1585,85
1586,86
1587,87
1588,88
1589,89
1590,90
1591,91
1592,92
1593,93
1594,94
1595,95
1596,96
1597,97
1598,98
1599,99
1600,0
1601,1
1602,2
1603,3
1604,4
1605,5
1606,6
1607,7
1608,8
1609,9
1610,10
1611,11
1612,12
1613,13
1614,14
1615,15
1616,16
1617,17
1618,18
1619,19
1620,20
1621,21
1622,22
1623,23
1624,24
1625,25
1626,26
1627,27
1628,28
1629,29
1630,30
1631,31
1632,32
1633,33
1634,34
1635,35
1636,36
1637,37
1638,38
1639,39
1640,40
1641,41
1642,42
1643,43
1644,44
1645,45
1646,46
1647,47
1648,48
1649,49
1650,50
1651,51
1652,52
1653,53
1654,54
1655,55
1656,56
1657,57
1658,58
1659,59
1660,60
1661,61
1662,62
1663,63
1664,64
1665,65
1666,66
1667,67
1668,68
1669,69
1670,70
1671,71
1672,72
1673,73
1674,74
1675,75
1676,76
1677,77
1678,78
1679,79
1680,80
1681,81
1682,82
1683,83
1684,84
1685,85
1686,86
1687,87
1688,88
1689,89
1690,90
1691,91
1692,92
1693,93
1694,94
1695,95
1696,96
1697,97
1698,98
1699,99
1700,0
1701,1
1702,2
1703,3
1704,4
1705,5
1706,6
1707,7
1708,8
1709,9
1710,10
1711,11
1712,12
1713,13
1714,14
1715,15
1716,16
1717,17
1718,18
1719,19
1720,20
1721,21
1722,22
1723,23
1724,24
1725,25
1726,26
1727,27
1728,28
1729,29
1730,30
1731,31
1732,32
1733,33
1734,34
1735,35
1736,36
1737,37
1738,38
1739,39
1740,40
1741,41
1742,42
1743,43
1744,44
1745,45
1746,46
1747,47
1748,48
1749,49
1750,50
1751,51
1752,52
1753,53
1754,54
1755,55
1756,56
1757,57
1758,58
1759,59
1760,60
1761,61
1762,62
1763,63
1764,64
1765,65
1766,66
1767,67
1768,68
1769,69
1770,70
1771,71
1772,72
1773,73
1774,74
1775,75
1776,76
1777,77
1778,78
1779,79
1780,80
1781,81
1782,82
1783,83
1784,84
1785,85
1786,86
1787,87
1788,88
1789,89
1790,90
1791,91
1792,92
1793,93
1794,94
1795,95
1796,96
1797,97
1798,98
1799,99
1800,0
1801,1
1802,2
1803,3
1804,4
1805,5
1806,6
1807,7
1808,8
1809,9
1810,10
1811,11
1812,12
1813,13
1814,14
1815,15
1816,16
1817,17
1818,18
1819,19
1820,20
1821,21
1822,22
1823,23
1824,24
1825,25
1826,26
1827,27
1828,28
1829,29
1830,30
1831,31
1832,32
1833,33
1834,34
1835,35
1836,36
1837,37
1838,38
1839,39
1840,40
1841,41
1842,42
1843,43
1844,44
1845,45
1846,46
1847,47
1848,48
1849,49
1850,50
1851,51
1852,52
1853,53
1854,54
1855,55
1856,56
1857,57
1858,58
1859,59
1860,60
1861,61
1862,62
1863,63
1864,64
1865,65
1866,66
1867,67
1868,68
1869,69
1870,70
1871,71
1872,72
1873,73
1874,74
1875,75
1876,76
1877,77
1878,78
1879,79
1880,80
1881,81
1882,82
1883,83
1884,84
1885,85
1886,86
1887,87
1888,88
1889,89
1890,90
1891,91
1892,92
1893,93
1894,94
1895,95
1896,96
1897,97
1898,98
1899,99
1900,0
1901,1
1902,2
1903,3
1904,4
1905,5
1906,6
1907,7
1908,8
1909,9
1910,10
1911,11
1912,12
1913,13
1914,14
1915,15
1916,16
1917,17
1918,18
1919,19
1920,20
1921,21
1922,22
1923,23
1924,24
1925,25
1926,26
1927,27
1928,28
1929,29
1930,30
1931,31
1932,32
1933,33
1934,34
1935,35
1936,36
1937,37
1938,38
1939,39
1940,40
1941,41
1942,42
1943,43
1944,44
1945,45
1946,46
1947,47
1948,48
1949,49
1950,50
1951,51
1952,52
1953,53
1954,54
1955,55
1956,56
1957,57
1958,58
1959,59
1960,60
1961,61
1962,62
1963,63
1964,64
1965,65
1966,66
1967,67
1968,68
1969,69
1970,70
1971,71
1972,72
1973,73
1974,74
1975,75
1976,76
1977,77
1978,78
1979,79
1980,80
1981,81
1982,82
1983,83
1984,84
1985,85
1986,86
1987,87
1988,88
1989,89
1990,90
1991,91
1992,92
1993,93
1994,94
1995,95
1996,96
1997,97
1998,98
1999,99
2000,0
2001,1
2002,2
2003,3
2004,4
2005,5
2006,6
2007,7
2008,8
2009,9
2010,10
2011,11
2012,12
2013,13
2014,14
2015,15
2016,16
2017,17
2018,18
2019,19
2020,20
2021,21
2022,22
2023,23
2024,24
2025,25
2026,26
2027,27
2028,28
2029,29
2030,30
2031,31
2032,32
2033,33
2034,34
2035,35
2036,36
2037,37
2038,38
2039,39
2040,40
2041,41
2042,42
2043,43
2044,44
2045,45
2046,46
2047,47
2048,48
2049,49
2050,50
2051,51
2052,52
2053,53
2054,54
2055,55
2056,56
2057,57
2058,58
2059,59
2060,60
2061,61
2062,62
2063,63
2064,64
2065,65
2066,66
2067,67
2068,68
2069,69
2070,70
2071,71
2072,72
2073,73
2074,74
2075,75
2076,76
2077,77
2078,78
2079,79
2080,80
2081,81
2082,82
2083,83
2084,84
2085,85
2086,86
2087,87
2088,88
2089,89
2090,90
2091,91
2092,92
2093,93
2094,94
2095,95
2096,96
2097,97
2098,98
2099,99
2100,0
2101,1
2102,2
2103,3
2104,4
2105,5
2106,6
2107,7
2108,8
2109,9
2110,10
2111,11
2112,12
2113,13
2114,14
2115,15
2116,16
2117,17
2118,18
2119,19
2120,20
2121,21
2122,22
2123,23
2124,24
2125,25
2126,26
2127,27
2128,28
2129,29
2130,30
2131,31
2132,32
2133,33
2134,34
2135,35
2136,36
2137,37
2138,38
2139,39
2140,40
2141,41
2142,42
2143,43
2144,44
2145,45
2146,46
2147,47
2148,48
2149,49
2150,50
2151,51
2152,52
2153,53
2154,54
2155,55
2156,56
2157,57
2158,58
2159,59
2160,60
2161,61
2162,62
2163,63
2164,64
2165,65
2166,66
2167,67
2168,68
2169,69
2170,70
2171,71
2172,72
2173,73
2174,74
2175,75
2176,76
2177,77
2178,78
2179,79
2180,80
2181,81
2182,82
2183,83
2184,84
2185,85
2186,86
2187,87
2188,88
2189,89
2190,90
2191,91
2192,92
2193,93
2194,94
2195,95
2196,96
2197,97
2198,98
2199,99
2200,0
2201,1
2202,2
2203,3
2204,4
2205,5
2206,6
2207,7
2208,8
2209,9
2210,10
2211,11
2212,12
2213,13
2214,14
2215,15
2216,16
2217,17
2218,18
2219,19
2220,20
2221,21
2222,22
2223,23
2224,24
2225,25
2226,26
2227,27
2228,28
2229,29
2230,30
2231,31
2232,32
2233,33
2234,34
2235,35
2236,36
2237,37
2238,38
2239,39
2240,40
2241,41
2242,42
2243,43
2244,44
2245,45
2246,46
2247,47
2248,48
2249,49
2250,50
2251,51
2252,52
2253,53
2254,54
2255,55
2256,56
2257,57
2258,58
2259,59
2260,60
2261,61
2262,62
2263,63
2264,64
2265,65
2266,66
2267,67
2268,68
2269,69
2270,70
2271,71
2272,72
2273,73
2274,74
2275,75
2276,76
2277,77
2278,78
2279,79
2280,80
2281,81
2282,82
2283,83
2284,84
2285,85
2286,86
2287,87
2288,88
2289,89
2290,90
2291,91
2292,92
2293,93
2294,94
2295,95
2296,96
2297,97
2298,98
2299,99
2300,0
2301,1
2302,2
2303,3
2304,4
2305,5
2306,6
2307,7
2308,8
2309,9
2310,10
2311,11
2312,12
2313,13
2314,14
2315,15
2316,16
2317,17
2318,18
2319,19
2320,20
2321,21
2322,22
2323,23
2324,24
2325,25
2326,26
2327,27
2328,28
2329,29
2330,30
2331,31
2332,32
2333,33
2334,34
2335,35
2336,36
2337,37
2338,38
2339,39
2340,40
2341,41
2342,42
2343,43
2344,44
2345,45
2346,46
2347,47
2348,48
2349,49
2350,50
2351,51
2352,52
2353,53
2354,54
2355,55
2356,56
2357,57
2358,58
2359,59
2360,60
2361,61
2362,62
2363,63
2364,64
2365,65
2366,66
2367,67
2368,68
2369,69
2370,70
2371,71
2372,72
2373,73
2374,74
2375,75
2376,76
2377,77
2378,78
2379,79
2380,80
2381,81
2382,82
2383,83
2384,84
2385,85
2386,86
2387,87
2388,88
2389,89
2390,90
2391,91
2392,92
2393,93
2394,94
2395,95
2396,96
2397,97
2398,98
2399,99
2400,0
2401,1
2402,2
2403,3
2404,4
2405,5
2406,6
2407,7
2408,8
2409,9
2410,10
2411,11
2412,12
2413,13
2414,14
2415,15
2416,16
2417,17
2418,18
2419,19
2420,20
2421,21
2422,22
2423,23
2424,24
2425,25
2426,26
2427,27
2428,28
2429,29
2430,30
2431,31
2432,32
2433,33
2434,34
2435,35
2436,36
2437,37
2438,38
2439,39
2440,40
2441,41
2442,42
2443,43
2444,44
2445,45
2446,46
2447,47
2448,48
2449,49
2450,50
2451,51
2452,52
2453,53
2454,54
2455,55
2456,56
2457,57
2458,58
2459,59
2460,60
2461,61
2462,62
2463,63
2464,64
2465,65
2466,66
2467,67
2468,68
2469,69
2470,70
2471,71
2472,72
2473,73
2474,74
2475,75
2476,76
2477,77
2478,78
2479,79
2480,80
2481,81
2482,82
2483,83
2484,84
2485,85
2486,86
2487,87
2488,88
2489,89
2490,90
2491,91
2492,92
2493,93
2494,94
2495,95
2496,96
2497,97
2498,98
2499,99
2500,0
2501,1
2502,2
2503,3
2504,4
2505,5
2506,6
2507,7
2508,8
2509,9
2510,10
2511,11
2512,12
2513,13
2514,14
2515,15
2516,16
2517,17
2518,18
2519,19
2520,20
2521,21
2522,22
2523,23
2524,24
2525,25
2526,26
2527,27
2528,28
2529,29
2530,30
2531,31
2532,32
2533,33
2534,34
2535,35
2536,36
2537,37
2538,38
2539,39
2540,40
2541,41
2542,42
2543,43
2544,44
2545,45
2546,46
2547,47
2548,48
2549,49
2550,50
2551,51
2552,52
2553,53
2554,54
2555,55
2556,56
2557,57
2558,58
2559,59
2560,60
2561,61
2562,62
2563,63
2564,64
2565,65
2566,66
2567,67
2568,68
2569,69
2570,70
2571,71
2572,72
2573,73
2574,74
2575,75
2576,76
2577,77
2578,78
2579,79
2580,80
2581,81
2582,82
2583,83
2584,84
2585,85
2586,86
2587,87
2588,88
2589,89
2590,90
2591,91
2592,92
2593,93
2594,94
2595,95
2596,96
2597,97
2598,98
2599,99
2600,0
2601,1
2602,2
2603,3
2604,4
2605,5
2606,6
2607,7
2608,8
2609,9
2610,10
2611,11
2612,12
2613,13
2614,14
2615,15
2616,16
2617,17
2618,18
2619,19
2620,20
2621,21
2622,22
2623,23
2624,24
2625,25
2626,26
2627,27
2628,28
2629,29
2630,30
2631,31
2632,32
2633,33
2634,34
2635,35
2636,36
2637,37
2638,38
2639,39
2640,40
2641,41
2642,42
2643,43
2644,44
2645,45
2646,46
2647,47
2648,48
2649,49
2650,50
2651,51
2652,52
2653,53
2654,54
2655,55
2656,56
2657,57
2658,58
2659,59
2660,60
2661,61
2662,62
2663,63
2664,64
2665,65
2666,66
2667,67
2668,68
2669,69
2670,70
2671,71
2672,72
2673,73
2674,74
2675,75
2676,76
2677,77
2678,78
2679,79
2680,80
2681,81
2682,82
2683,83
2684,84
2685,85
2686,86
2687,87
2688,88
2689,89
2690,90
2691,91
2692,92
2693,93
2694,94
2695,95
2696,96
2697,97
2698,98
2699,99
2700,0
2701,1
2702,2
2703,3
2704,4
2705,5
2706,6
2707,7
2708,8
2709,9
2710,10
2711,11
2712,12
2713,13
2714,14
2715,15
2716,16
2717,17
2718,18
2719,19
2720,20
2721,21
2722,22
2723,23
2724,24
2725,25
2726,26
2727,27
2728,28
2729,29
2730,30
2731,31
2732,32
2733,33
2734,34
2735,35
2736,36
2737,37
2738,38
2739,39
2740,40
2741,41
2742,42
2743,43
2744,44
2745,45
2746,46
2747,47
2748,48
2749,49
2750,50
2751,51
2752,52
2753,53
2754,54
2755,55
2756,56
2757,57
2758,58
2759,59
2760,60
2761,61
2762,62
2763,63
2764,64
2765,65
2766,66
2767,67
2768,68
2769,69
2770,70
2771,71
2772,72
2773,73
2774,74
2775,75
2776,76
2777,77
2778,78
2779,79
2780,80
2781,81
2782,82
2783,83
2784,84
2785,85
2786,86
2787,87
2788,88
2789,89
2790,90
2791,91
2792,92
2793,93
2794,94
2795,95
2796,96
2797,97
2798,98
2799,99
2800,0
2801,1
2802,2
2803,3
2804,4
2805,5
2806,6
2807,7
2808,8
2809,9
2810,10
2811,11
2812,12
2813,13
2814,14
2815,15
2816,16
2817,17
2818,18
2819,19
2820,20
2821,21
2822,22
2823,23
2824,24
2825,25
2826,26
2827,27
2828,28
2829,29
2830,30
2831,31
2832,32
2833,33
2834,34
2835,35
2836,36
2837,37
2838,38
2839,39
2840,40
2841,41
2842,42
2843,43
2844,44
2845,45
2846,46
2847,47
2848,48
2849,49
2850,50
2851,51
2852,52
2853,53
2854,54
2855,55
2856,56
2857,57
2858,58
2859,59
2860,60
2861,61
2862,62
2863,63
2864,64
2865,65
2866,66
2867,67
2868,68
2869,69
2870,70
2871,71
2872,72
2873,73
2874,74
2875,75
2876,76
2877,77
2878,78
2879,79
2880,80
2881,81
2882,82
2883,83
2884,84
2885,85
2886,86
2887,87
2888,88
2889,89
2890,90
2891,91
2892,92
2893,93
2894,94
2895,95
2896,96
2897,97
2898,98
2899,99
2900,0
2901,1
2902,2
2903,3
2904,4
2905,5
2906,6
2907,7
2908,8
2909,9
2910,10
2911,11
2912,12
2913,13
2914,14
2915,15
2916,16
2917,17
2918,18
2919,19
2920,20
2921,21
2922,22
2923,23
2924,24
2925,25
2926,26
2927,27
2928,28
2929,29
2930,30
2931,31
2932,32
2933,33
2934,34
2935,35
2936,36
2937,37
2938,38
2939,39
2940,40
2941,41
2942,42
2943,43
2944,44
2945,45
2946,46
2947,47
2948,48
2949,49
2950,50
2951,51
2952,52
2953,53
2954,54
2955,55
2956,56
2957,57
2958,58
2959,59
2960,60
2961,61
2962,62
2963,63
2964,64
2965,65
2966,66
2967,67
2968,68
2969,69
2970,70
2971,71
2972,72
2973,73
2974,74
2975,75
2976,76
2977,77
2978,78
2979,79
2980,80
2981,81
2982,82
2983,83
2984,84
2985,85
2986,86
2987,87
2988,88
2989,89
2990,90
2991,91
2992,92
2993,93
2994,94
2995,95
2996,96
2997,97
2998,98
2999,99
3000,0
3001,1
3002,2
3003,3
3004,4
3005,5
3006,6
3007,7
3008,8
3009,9
3010,10
3011,11
3012,12
3013,13
3014,14
3015,15
3016,16
3017,17
3018,18
3019,19
3020,20
3021,21
3022,22
3023,23
3024,24
3025,25
3026,26
3027,27
3028,28
3029,29
3030,30
3031,31
3032,32
3033,33
3034,34
3035,35
3036,36
3037,37
3038,38
3039,39
3040,40
3041,41
3042,42
3043,43
3044,44
3045,45
3046,46
3047,47
3048,48
3049,49
3050,50
3051,51
3052,52
3053,53
3054,54
3055,55
3056,56
3057,57
3058,58
3059,59
3060,60
3061,61
3062,62
3063,63
3064,64
3065,65
3066,66
3067,67
3068,68
3069,69
3070,70
3071,71
3072,72
3073,73
3074,74
3075,75
3076,76
3077,77
3078,78
3079,79
3080,80
3081,81
3082,82
3083,83
3084,84
3085,85
3086,86
3087,87
3088,88
3089,89
3090,90
3091,91
3092,92
3093,93
3094,94
3095,95
3096,96
3097,97
3098,98
3099,99
3100,0
3101,1
3102,2
3103,3
3104,4
3105,5
3106,6
3107,7
3108,8
3109,9
3110,10
3111,11
3112,12
3113,13
3114,14
3115,15
3116,16
3117,17
3118,18
3119,19
3120,20
3121,21
3122,22
3123,23
3124,24
3125,25
3126,26
3127,27
3128,28
3129,29
3130,30
3131,31
3132,32
3133,33
3134,34
3135,35
3136,36
3137,37
3138,38
3139,39
3140,40
3141,41
3142,42
3143,43
3144,44
3145,45
3146,46
3147,47
3148,48
3149,49
3150,50
3151,51
3152,52
3153,53
3154,54
3155,55
3156,56
3157,57
3158,58
3159,59
3160,60
3161,61
3162,62
3163,63
3164,64
3165,65
3166,66
3167,67
3168,68
3169,69
3170,70
3171,71
3172,72
3173,73
3174,74
3175,75
3176,76
3177,77
3178,78
3179,79
3180,80
3181,81
3182,82
3183,83
3184,84
3185,85
3186,86
3187,87
3188,88
3189,89
3190,90
3191,91
3192,92
3193,93
3194,94
3195,95
3196,96
3197,97
3198,98
3199,99
3200,0
3201,1
3202,2
3203,3
3204,4
3205,5
3206,6
3207,7
3208,8
3209,9
3210,10
3211,11
3212,12
3213,13
3214,14
3215,15
3216,16
3217,17
3218,18
3219,19
3220,20
3221,21
3222,22
3223,23
3224,24
3225,25
3226,26
3227,27
3228,28
3229,29
3230,30
3231,31
3232,32
3233,33
3234,34
3235,35
3236,36
3237,37
3238,38
3239,39
3240,40
3241,41
3242,42
3243,43
3244,44
3245,45
3246,46
3247,47
3248,48
3249,49
3250,50
3251,51
3252,52
3253,53
3254,54
3255,55
3256,56
3257,57
3258,58
3259,59
3260,60
3261,61
3262,62
3263,63
3264,64
3265,65
3266,66
3267,67
3268,68
3269,69
3270,70
3271,71
3272,72
3273,73
3274,74
3275,75
3276,76
3277,77
3278,78
3279,79
3280,80
3281,81
3282,82
3283,83
3284,84
3285,85
3286,86
3287,87
3288,88
3289,89
3290,90
3291,91
3292,92
3293,93
3294,94
3295,95
3296,96
3297,97
3298,98
3299,99
3300,0
3301,1
3302,2
3303,3
3304,4
3305,5
3306,6
3307,7
3308,8
3309,9
3310,10
3311,11
3312,12
3313,13
3314,14
3315,15
3316,16
3317,17
3318,18
3319,19
3320,20
3321,21
3322,22
3323,23
3324,24
3325,25
3326,26
3327,27
3328,28
3329,29
3330,30
3331,31
3332,32
3333,33
3334,34
3335,35
3336,36
3337,37
3338,38
3339,39
3340,40
3341,41
3342,42
3343,43
3344,44
3345,45
3346,46
3347,47
3348,48
3349,49
3350,50
3351,51
3352,52
3353,53
3354,54
3355,55
3356,56
3357,57
3358,58
3359,59
3360,60
3361,61
3362,62
3363,63
3364,64
3365,65
3366,66
3367,67
3368,68
3369,69
3370,70
3371,71
3372,72
3373,73
3374,74
3375,75
3376,76
3377,77
3378,78
3379,79
3380,80
3381,81
3382,82
3383,83
3384,84
3385,85
3386,86
3387,87
3388,88
3389,89
3390,90
3391,91
3392,92
3393,93
3394,94
3395,95
3396,96
3397,97
3398,98
3399,99
3400,0
3401,1
3402,2
3403,3
3404,4
3405,5
3406,6
3407,7
3408,8
3409,9
3410,10
3411,11
3412,12
3413,13
3414,14
3415,15
3416,16
3417,17
3418,18
3419,19
3420,20
3421,21
3422,22
3423,23
3424,24
3425,25
3426,26
3427,27
3428,28
3429,29
3430,30
3431,31
3432,32
3433,33
3434,34
3435,35
3436,36
3437,37
3438,38
3439,39
3440,40
3441,41
3442,42
3443,43
3444,44
3445,45
3446,46
3447,47
3448,48
3449,49
3450,50
3451,51
3452,52
3453,53
3454,54
3455,55
3456,56
3457,57
3458,58
3459,59
3460,60
3461,61
3462,62
3463,63
3464,64
3465,65
3466,66
3467,67
3468,68
3469,69
3470,70
3471,71
3472,72
3473,73
3474,74
3475,75
3476,76
3477,77
3478,78
3479,79
3480,80
3481,81
3482,82
3483,83
3484,84
3485,85
3486,86
3487,87
3488,88
3489,89
3490,90
3491,91
3492,92
3493,93
3494,94
3495,95
3496,96
3497,97
3498,98
3499,99
3500,0
3501,1
3502,2
3503,3
3504,4
3505,5
3506,6
3507,7
3508,8
3509,9
3510,10
3511,11
3512,12
3513,13
3514,14
3515,15
3516,16
3517,17
3518,18
3519,19
3520,20
3521,21
3522,22
3523,23
3524,24
3525,25
3526,26
3527,27
3528,28
3529,29
3530,30
3531,31
3532,32
3533,33
3534,34
3535,35
3536,36
3537,37
3538,38
3539,39
3540,40
3541,41
3542,42
3543,43
3544,44
3545,45
3546,46
3547,47
3548,48
3549,49
3550,50
3551,51
3552,52
3553,53
3554,54
3555,55
3556,56
3557,57
3558,58
3559,59
3560,60
3561,61
3562,62
3563,63
3564,64
3565,65
3566,66
3567,67
3568,68
3569,69
3570,70
3571,71
3572,72
3573,73
3574,74
3575,75
3576,76
3577,77
3578,78
3579,79
3580,80
3581,81
3582,82
3583,83
3584,84
3585,85
3586,86
3587,87
3588,88
3589,89
3590,90
3591,91
3592,92
3593,93
3594,94
3595,95
3596,96
3597,97
3598,98
3599,99
3600,0
3601,1
3602,2
3603,3
3604,4
3605,5
3606,6
3607,7
3608,8
3609,9
3610,10
3611,11
3612,12
3613,13
3614,14
3615,15
3616,16
3617,17
3618,18
3619,19
3620,20
3621,21
3622,22
3623,23
3624,24
3625,25
3626,26
3627,27
3628,28
3629,29
3630,30
3631,31
3632,32
3633,33
3634,34
3635,35
3636,36
3637,37
3638,38
3639,39
3640,40
3641,41
3642,42
3643,43
3644,44
3645,45
3646,46
3647,47
3648,48
3649,49
3650,50
3651,51
3652,52
3653,53
3654,54
3655,55
3656,56
3657,57
3658,58
3659,59
3660,60
3661,61
3662,62
3663,63
3664,64
3665,65
3666,66
3667,67
3668,68
3669,69
3670,70
3671,71
3672,72
3673,73
3674,74
3675,75
3676,76
3677,77
3678,78
3679,79
3680,80
3681,81
3682,82
3683,83
3684,84
3685,85
3686,86
3687,87
3688,88
3689,89
3690,90
3691,91
3692,92
3693,93
3694,94
3695,95
3696,96
3697,97
3698,98
3699,99
3700,0
3701,1
3702,2
3703,3
3704,4
3705,5
3706,6
3707,7
3708,8
3709,9
3710,10
3711,11
3712,12
3713,13
3714,14
3715,15
3716,16
3717,17
3718,18
3719,19
3720,20
3721,21
3722,22
3723,23
3724,24
3725,25
3726,26
3727,27
3728,28
3729,29
3730,30
3731,31
3732,32
3733,33
3734,34
3735,35
3736,36
3737,37
3738,38
3739,39
3740,40
3741,41
3742,42
3743,43
3744,44
3745,45
3746,46
3747,47
3748,48
3749,49
3750,50
3751,51
3752,52
3753,53
3754,54
3755,55
3756,56
3757,57
3758,58
3759,59
3760,60
3761,61
3762,62
3763,63
3764,64
3765,65
3766,66
3767,67
3768,68
3769,69
3770,70
3771,71
3772,72
3773,73
3774,74
3775,75
3776,76
3777,77
3778,78
3779,79
3780,80
3781,81
3782,82
3783,83
3784,84
3785,85
3786,86
3787,87
3788,88
3789,89
3790,90
3791,91
3792,92
3793,93
3794,94
3795,95
3796,96
3797,97
3798,98
3799,99
3800,0
3801,1
3802,2
3803,3
3804,4
3805,5
3806,6
3807,7
3808,8
3809,9
3810,10
3811,11
3812,12
3813,13
3814,14
3815,15
3816,16
3817,17
3818,18
3819,19
3820,20
3821,21
3822,22
3823,23
3824,24
3825,25
3826,26
3827,27
3828,28
3829,29
3830,30
3831,31
3832,32
3833,33
3834,34
3835,35
3836,36
3837,37
3838,38
3839,39
3840,40
3841,41
3842,42
3843,43
3844,44
3845,45
3846,46
3847,47
3848,48
3849,49
3850,50
3851,51
3852,52
3853,53
3854,54
3855,55
3856,56
3857,57
3858,58
3859,59
3860,60
3861,61
3862,62
3863,63
3864,64
3865,65
3866,66
3867,67
3868,68
3869,69
3870,70
3871,71
3872,72
3873,73
3874,74
3875,75
3876,76
3877,77
3878,78
3879,79
3880,80
3881,81
3882,82
3883,83
3884,84
3885,85
3886,86
3887,87
3888,88
3889,89
3890,90
3891,91
3892,92
3893,93
3894,94
3895,95
3896,96
3897,97
3898,98
3899,99
3900,0
3901,1
3902,2
3903,3
3904,4
3905,5
3906,6
3907,7
3908,8
3909,9
3910,10
3911,11
3912,12
3913,13
3914,14
3915,15
3916,16
3917,17
3918,18
3919,19
3920,20
3921,21
3922,22
3923,23
3924,24
3925,25
3926,26
3927,27
3928,28
3929,29
3930,30
3931,31
3932,32
3933,33
3934,34
3935,35
3936,36
3937,37
3938,38
3939,39
3940,40
3941,41
3942,42
3943,43
3944,44
3945,45
3946,46
3947,47
3948,48
3949,49
3950,50
3951,51
3952,52
3953,53
3954,54
3955,55
3956,56
3957,57
3958,58
3959,59
3960,60
3961,61
3962,62
3963,63
3964,64
3965,65
3966,66
3967,67
3968,68
3969,69
3970,70
3971,71
3972,72
3973,73
3974,74
3975,75
3976,76
3977,77
3978,78
3979,79
3980,80
3981,81
3982,82
3983,83
3984,84
3985,85
3986,86
3987,87
3988,88
3989,89
3990,90
3991,91
3992,92
3993,93
3994,94
3995,95
3996,96
3997,97
3998,98
3999,99
4000,0
4001,1
4002,2
4003,3
4004,4
4005,5
4006,6
4007,7
4008,8
4009,9
4010,10
4011,11
4012,12
4013,13
4014,14
4015,15
4016,16
4017,17
4018,18
4019,19
4020,20
4021,21
4022,22
4023,23
4024,24
4025,25
4026,26
4027,27
4028,28
4029,29
4030,30
4031,31
4032,32
4033,33
4034,34
4035,35
4036,36
4037,37
4038,38
4039,39
4040,40
4041,41
4042,42
4043,43
4044,44
4045,45
4046,46
4047,47
4048,48
4049,49
4050,50
4051,51
4052,52
4053,53
4054,54
4055,55
4056,56
4057,57
4058,58
4059,59
4060,60
4061,61
4062,62
4063,63
4064,64
4065,65
4066,66
4067,67
4068,68
4069,69
4070,70
4071,71
4072,72
4073,73
4074,74
4075,75
4076,76
4077,77
4078,78
4079,79
4080,80
4081,81
4082,82
4083,83
4084,84
4085,85
4086,86
4087,87
4088,88
4089,89
4090,90
4091,91
4092,92
4093,93
4094,94
4095,95
4096,96
4097,97
4098,98
4099,99
4100,0
4101,1
4102,2
4103,3
4104,4
4105,5
4106,6
4107,7
4108,8
4109,9
4110,10
4111,11
4112,12
4113,13
4114,14
4115,15
4116,16
4117,17
4118,18
4119,19
4120,20
4121,21
4122,22
4123,23
4124,24
4125,25
4126,26
4127,27
4128,28
4129,29
4130,30
4131,31
4132,32
4133,33
4134,34
4135,35
4136,36
4137,37
4138,38
4139,39
4140,40
4141,41
4142,42
4143,43
4144,44
4145,45
4146,46
4147,47
4148,48
4149,49
4150,50
4151,51
4152,52
4153,53
4154,54
4155,55
4156,56
4157,57
4158,58
4159,59
4160,60
4161,61
4162,62
4163,63
4164,64
4165,65
4166,66
4167,67
4168,68
4169,69
4170,70
4171,71
4172,72
4173,73
4174,74
4175,75
4176,76
4177,77
4178,78
4179,79
4180,80
4181,81
4182,82
4183,83
4184,84
4185,85
4186,86
4187,87
4188,88
4189,89
4190,90
4191,91
4192,92
4193,93
4194,94
4195,95
4196,96
4197,97
4198,98
4199,99
4200,0
4201,1
4202,2
4203,3
4204,4
4205,5
4206,6
4207,7
4208,8
4209,9
4210,10
4211,11
4212,12
4213,13
4214,14
4215,15
4216,16
4217,17
4218,18
4219,19
4220,20
4221,21
4222,22
4223,23
4224,24
4225,25
4226,26
4227,27
4228,28
4229,29
4230,30
4231,31
4232,32
4233,33
4234,34
4235,35
4236,36
4237,37
4238,38
4239,39
4240,40
4241,41
4242,42
4243,43
4244,44
4245,45
4246,46
4247,47
4248,48
4249,49
4250,50
4251,51
4252,52
4253,53
4254,54
4255,55
4256,56
4257,57
4258,58
4259,59
4260,60
4261,61
4262,62
4263,63
4264,64
4265,65
4266,66
4267,67
4268,68
4269,69
4270,70
4271,71
4272,72
4273,73
4274,74
4275,75
4276,76
4277,77
4278,78
4279,79
4280,80
4281,81
4282,82
4283,83
4284,84
4285,85
4286,86
4287,87
4288,88
4289,89
4290,90
4291,91
4292,92
4293,93
4294,94
4295,95
4296,96
4297,97
4298,98
4299,99
4300,0
4301,1
4302,2
4303,3
4304,4
4305,5
4306,6
4307,7
4308,8
4309,9
4310,10
4311,11
4312,12
4313,13
4314,14
4315,15
4316,16
4317,17
4318,18
4319,19
4320,20
4321,21
4322,22
4323,23
4324,24
4325,25
4326,26
4327,27
4328,28
4329,29
4330,30
4331,31
4332,32
4333,33
4334,34
4335,35
4336,36
4337,37
4338,38
4339,39
4340,40
4341,41
4342,42
4343,43
4344,44
4345,45
4346,46
4347,47
4348,48
4349,49
4350,50
4351,51
4352,52
4353,53
4354,54
4355,55
4356,56
4357,57
4358,58
4359,59
4360,60
4361,61
4362,62
4363,63
4364,64
4365,65
4366,66
4367,67
4368,68
4369,69
4370,70
4371,71
4372,72
4373,73
4374,74
4375,75
4376,76
4377,77
4378,78
4379,79
4380,80
4381,81
4382,82
4383,83
4384,84
4385,85
4386,86
4387,87
4388,88
4389,89
4390,90
4391,91
4392,92
4393,93
4394,94
4395,95
4396,96
4397,97
4398,98
4399,99
4400,0
4401,1
4402,2
4403,3
4404,4
4405,5
4406,6
4407,7
4408,8
4409,9
4410,10
4411,11
4412,12
4413,13
4414,14
4415,15
4416,16
4417,17
4418,18
4419,19
4420,20
4421,21
4422,22
4423,23
4424,24
4425,25
4426,26
4427,27
4428,28
4429,29
4430,30
4431,31
4432,32
4433,33
4434,34
4435,35
4436,36
4437,37
4438,38
4439,39
4440,40
4441,41
4442,42
4443,43
4444,44
4445,45
4446,46
4447,47
4448,48
4449,49
4450,50
4451,51
4452,52
4453,53
4454,54
4455,55
4456,56
4457,57
4458,58
4459,59
4460,60
4461,61
4462,62
4463,63
4464,64
4465,65
4466,66
4467,67
4468,68
4469,69
4470,70
4471,71
4472,72
4473,73
4474,74
4475,75
4476,76
4477,77
4478,78
4479,79
4480,80
4481,81
4482,82
4483,83
4484,84
4485,85
4486,86
4487,87
4488,88
4489,89
4490,90
4491,91
4492,92
4493,93
4494,94
4495,95
4496,96
4497,97
4498,98
4499,99
4500,0
4501,1
4502,2
4503,3
4504,4
4505,5
4506,6
4507,7
4508,8
4509,9
4510,10
4511,11
4512,12
4513,13
4514,14
4515,15
4516,16
4517,17
4518,18
4519,19
4520,20
4521,21
4522,22
4523,23
4524,24
4525,25
4526,26
4527,27
4528,28
4529,29
4530,30
4531,31
4532,32
4533,33
4534,34
4535,35
4536,36
4537,37
4538,38
4539,39
4540,40
4541,41
4542,42
4543,43
4544,44
4545,45
4546,46
4547,47
4548,48
4549,49
4550,50
4551,51
4552,52
4553,53
4554,54
4555,55
4556,56
4557,57
4558,58
4559,59
4560,60
4561,61
4562,62
4563,63
4564,64
4565,65
4566,66
4567,67
4568,68
4569,69
4570,70
4571,71
4572,72
4573,73
4574,74
4575,75
4576,76
4577,77
4578,78
4579,79
4580,80
4581,81
4582,82
4583,83
4584,84
4585,85
4586,86
4587,87
4588,88
4589,89
4590,90
4591,91
4592,92
4593,93
4594,94
4595,95
4596,96
4597,97
4598,98
4599,99
4600,0
4601,1
4602,2
4603,3
4604,4
4605,5
4606,6
4607,7
4608,8
4609,9
4610,10
4611,11
4612,12
4613,13
4614,14
4615,15
4616,16
4617,17
4618,18
4619,19
4620,20
4621,21
4622,22
4623,23
4624,24
4625,25
4626,26
4627,27
4628,28
4629,29
4630,30
4631,31
4632,32
4633,33
4634,34
4635,35
4636,36
4637,37
4638,38
4639,39
4640,40
4641,41
4642,42
4643,43
4644,44
4645,45
4646,46
4647,47
4648,48
4649,49
4650,50
4651,51
4652,52
4653,53
4654,54
4655,55
4656,56
4657,57
4658,58
4659,59
4660,60
4661,61
4662,62
4663,63
4664,64
4665,65
4666,66
4667,67
4668,68
4669,69
4670,70
4671,71
4672,72
4673,73
4674,74
4675,75
4676,76
4677,77
4678,78
4679,79
4680,80
4681,81
4682,82
4683,83
4684,84
4685,85
4686,86
4687,87
4688,88
4689,89
4690,90
4691,91
4692,92
4693,93
4694,94
4695,95
4696,96
4697,97
4698,98
4699,99
4700,0
4701,1
4702,2
4703,3
4704,4
4705,5
4706,6
4707,7
4708,8
4709,9
4710,10
4711,11
4712,12
4713,13
4714,14
4715,15
4716,16
4717,17
4718,18
4719,19
4720,20
4721,21
4722,22
4723,23
4724,24
4725,25
4726,26
4727,27
4728,28
4729,29
4730,30
4731,31
4732,32
4733,33
4734,34
4735,35
4736,36
4737,37
4738,38
4739,39
4740,40
4741,41
4742,42
4743,43
4744,44
4745,45
4746,46
4747,47
4748,48
4749,49
4750,50
4751,51
4752,52
4753,53
4754,54
4755,55
4756,56
4757,57
4758,58
4759,59
4760,60
4761,61
4762,62
4763,63
4764,64
4765,65
4766,66
4767,67
4768,68
4769,69
4770,70
4771,71
4772,72
4773,73
4774,74
4775,75
4776,76
4777,77
4778,78
4779,79
4780,80
4781,81
4782,82
4783,83
4784,84
4785,85
4786,86
4787,87
4788,88
4789,89
4790,90
4791,91
4792,92
4793,93
4794,94
4795,95
4796,96
4797,97
4798,98
4799,99
4800,0
4801,1
4802,2
4803,3
4804,4
4805,5
4806,6
4807,7
4808,8
4809,9
4810,10
4811,11
4812,12
4813,13
4814,14
4815,15
4816,16
4817,17
4818,18
4819,19
4820,20
4821,21
4822,22
4823,23
4824,24
4825,25
4826,26
4827,27
4828,28
4829,29
4830,30
4831,31
4832,32
4833,33
4834,34
4835,35
4836,36
4837,37
4838,38
4839,39
4840,40
4841,41
4842,42
4843,43
4844,44
4845,45
4846,46
4847,47
4848,48
4849,49
4850,50
4851,51
4852,52
4853,53
4854,54
4855,55
4856,56
4857,57
4858,58
4859,59
4860,60
4861,61
4862,62
4863,63
4864,64
4865,65
4866,66
4867,67
4868,68
4869,69
4870,70
4871,71
4872,72
4873,73
4874,74
4875,75
4876,76
4877,77
4878,78
4879,79
4880,80
4881,81
4882,82
4883,83
4884,84
4885,85
4886,86
4887,87
4888,88
4889,89
4890,90
4891,91
4892,92
4893,93
4894,94
4895,95
4896,96
4897,97
4898,98
4899,99
4900,0
4901,1
4902,2
4903,3
4904,4
4905,5
4906,6
4907,7
4908,8
4909,9
4910,10
4911,11
4912,12
4913,13
4914,14
4915,15
4916,16
4917,17
4918,18
4919,19
4920,20
4921,21
4922,22
4923,23
4924,24
4925,25
4926,26
4927,27
4928,28
4929,29
4930,30
4931,31
4932,32
4933,33
4934,34
4935,35
4936,36
4937,37
4938,38
4939,39
4940,40
4941,41
4942,42
4943,43
4944,44
4945,45
4946,46
4947,47
4948,48
4949,49
4950,50
4951,51
4952,52
4953,53
4954,54
4955,55
4956,56
4957,57
4958,58
4959,59
4960,60
4961,61
4962,62
4963,63
4964,64
4965,65
4966,66
4967,67
4968,68
4969,69
4970,70
4971,71
4972,72
4973,73
4974,74
4975,75
4976,76
4977,77
4978,78
4979,79
4980,80
4981,81
4982,82
4983,83
4984,84
4985,85
4986,86
4987,87
4988,88
4989,89
4990,90
4991,91
4992,92
4993,93
4994,94
4995,95
4996,96
4997,97
4998,98
4999,99
5000,0
5001,1
5002,2
5003,3
5004,4
5005,5
5006,6
5007,7
5008,8
5009,9
5010,10
5011,11
5012,12
5013,13
5014,14
5015,15
5016,16
5017,17
5018,18
5019,19
5020,20
5021,21
5022,22
5023,23
5024,24
5025,25
5026,26
5027,27
5028,28
5029,29
5030,30
5031,31
5032,32
5033,33
5034,34
5035,35
5036,36
5037,37
5038,38
5039,39
5040,40
5041,41
5042,42
5043,43
5044,44
5045,45
5046,46
5047,47
5048,48
5049,49
5050,50
5051,51
5052,52
5053,53
5054,54
5055,55
5056,56
5057,57
5058,58
5059,59
5060,60
5061,61
5062,62
5063,63
5064,64
5065,65
5066,66
5067,67
5068,68
5069,69
5070,70
5071,71
5072,72
5073,73
5074,74
5075,75
5076,76
5077,77
5078,78
5079,79
5080,80
5081,81
5082,82
5083,83
5084,84
5085,85
5086,86
5087,87
5088,88
5089,89
5090,90
5091,91
5092,92
5093,93
5094,94
5095,95
5096,96
5097,97
5098,98
5099,99
5100,0
5101,1
5102,2
5103,3
5104,4
5105,5
5106,6
5107,7
5108,8
5109,9
5110,10
5111,11
5112,12
5113,13
5114,14
5115,15
5116,16
5117,17
5118,18
5119,19
5120,20
5121,21
5122,22
5123,23
5124,24
5125,25
5126,26
5127,27
5128,28
5129,29
5130,30
5131,31
5132,32
5133,33
5134,34
5135,35
5136,36
5137,37
5138,38
5139,39
5140,40
5141,41
5142,42
5143,43
5144,44
5145,45
5146,46
5147,47
5148,48
5149,49
5150,50
5151,51
5152,52
5153,53
5154,54
5155,55
5156,56
5157,57
5158,58
5159,59
5160,60
5161,61
5162,62
5163,63
5164,64
5165,65
5166,66
5167,67
5168,68
5169,69
5170,70
5171,71
5172,72
5173,73
5174,74
5175,75
5176,76
5177,77
5178,78
5179,79
5180,80
5181,81
5182,82
5183,83
5184,84
5185,85
5186,86
5187,87
5188,88
5189,89
5190,90
5191,91
5192,92
5193,93
5194,94
5195,95
5196,96
5197,97
5198,98
5199,99
5200,0
5201,1
5202,2
5203,3
5204,4
5205,5
5206,6
5207,7
5208,8
5209,9
5210,10
5211,11
5212,12
5213,13
5214,14
5215,15
5216,16
5217,17
5218,18
5219,19
5220,20
5221,21
5222,22
5223,23
5224,24
5225,25
5226,26
5227,27
5228,28
5229,29
5230,30
5231,31
5232,32
5233,33
5234,34
5235,35
5236,36
5237,37
5238,38
5239,39
5240,40
5241,41
5242,42
5243,43
5244,44
5245,45
5246,46
5247,47
5248,48
5249,49
5250,50
5251,51
5252,52
5253,53
5254,54
5255,55
5256,56
5257,57
5258,58
5259,59
5260,60
5261,61
5262,62
5263,63
5264,64
5265,65
5266,66
5267,67
5268,68
5269,69
5270,70
5271,71
5272,72
5273,73
5274,74
5275,75
5276,76
5277,77
5278,78
5279,79
5280,80
5281,81
5282,82
5283,83
5284,84
5285,85
5286,86
5287,87
5288,88
5289,89
5290,90
5291,91
5292,92
5293,93
5294,94
5295,95
5296,96
5297,97
5298,98
5299,99
5300,0
5301,1
5302,2
5303,3
5304,4
5305,5
5306,6
5307,7
5308,8
5309,9
5310,10
5311,11
5312,12
5313,13
5314,14
5315,15
5316,16
5317,17
5318,18
5319,19
5320,20
5321,21
5322,22
5323,23
5324,24
5325,25
5326,26
5327,27
5328,28
5329,29
5330,30
5331,31
5332,32
5333,33
5334,34
5335,35
5336,36
5337,37
5338,38
5339,39
5340,40
5341,41
5342,42
5343,43
5344,44
5345,45
5346,46
5347,47
5348,48
5349,49
5350,50
5351,51
5352,52
5353,53
5354,54
5355,55
5356,56
5357,57
5358,58
5359,59
5360,60
5361,61
5362,62
5363,63
5364,64
5365,65
5366,66
5367,67
5368,68
5369,69
5370,70
5371,71
5372,72
5373,73
5374,74
5375,75
5376,76
5377,77
5378,78
5379,79
5380,80
5381,81
5382,82
5383,83
5384,84
5385,85
5386,86
5387,87
5388,88
5389,89
5390,90
5391,91
5392,92
5393,93
5394,94
5395,95
5396,96
5397,97
5398,98
5399,99
5400,0
5401,1
5402,2
5403,3
5404,4
5405,5
5406,6
5407,7
5408,8
5409,9
5410,10
5411,11
5412,12
5413,13
5414,14
5415,15
5416,16
5417,17
5418,18
5419,19
5420,20
5421,21
5422,22
5423,23
5424,24
5425,25
5426,26
5427,27
5428,28
5429,29
5430,30
5431,31
5432,32
5433,33
5434,34
5435,35
5436,36
5437,37
5438,38
5439,39
5440,40
5441,41
5442,42
5443,43
5444,44
5445,45
5446,46
5447,47
5448,48
5449,49
5450,50
5451,51
5452,52
5453,53
5454,54
5455,55
5456,56
5457,57
5458,58
5459,59
5460,60
5461,61
5462,62
5463,63
5464,64
5465,65
5466,66
5467,67
5468,68
5469,69
5470,70
5471,71
5472,72
5473,73
5474,74
5475,75
5476,76
5477,77
5478,78
5479,79
5480,80
5481,81
5482,82
5483,83
5484,84
5485,85
5486,86
5487,87
5488,88
5489,89
5490,90
5491,91
5492,92
5493,93
5494,94
5495,95
5496,96
5497,97
5498,98
5499,99
5500,0
5501,1
5502,2
5503,3
5504,4
5505,5
5506,6
5507,7
5508,8
5509,9
5510,10
5511,11
5512,12
5513,13
5514,14
5515,15
5516,16
5517,17
5518,18
5519,19
5520,20
5521,21
5522,22
5523,23
5524,24
5525,25
5526,26
5527,27
5528,28
5529,29
5530,30
5531,31
5532,32
5533,33
5534,34
5535,35
5536,36
5537,37
5538,38
5539,39
5540,40
5541,41
5542,42
5543,43
5544,44
5545,45
5546,46
5547,47
5548,48
5549,49
5550,50
5551,51
5552,52
5553,53
5554,54
5555,55
5556,56
5557,57
5558,58
5559,59
5560,60
5561,61
5562,62
5563,63
5564,64
5565,65
5566,66
5567,67
5568,68
5569,69
5570,70
5571,71
5572,72
5573,73
5574,74
5575,75
5576,76
5577,77
5578,78
5579,79
5580,80
5581,81
5582,82
5583,83
5584,84
5585,85
5586,86
5587,87
5588,88
5589,89
5590,90
5591,91
5592,92
5593,93
5594,94
5595,95
5596,96
5597,97
5598,98
5599,99
5600,0
5601,1
5602,2
5603,3
5604,4
5605,5
5606,6
5607,7
5608,8
5609,9
5610,10
5611,11
5612,12
5613,13
5614,14
5615,15
5616,16
5617,17
5618,18
5619,19
5620,20
5621,21
5622,22
5623,23
5624,24
5625,25
5626,26
5627,27
5628,28
5629,29
5630,30
5631,31
5632,32
5633,33
5634,34
5635,35
5636,36
5637,37
5638,38
5639,39
5640,40
5641,41
5642,42
5643,43
5644,44
5645,45
5646,46
5647,47
5648,48
5649,49
5650,50
5651,51
5652,52
5653,53
5654,54
5655,55
5656,56
5657,57
5658,58
5659,59
5660,60
5661,61
5662,62
5663,63
5664,64
5665,65
5666,66
5667,67
5668,68
5669,69
5670,70
5671,71
5672,72
5673,73
5674,74
5675,75
5676,76
5677,77
5678,78
5679,79
5680,80
5681,81
5682,82
5683,83
5684,84
5685,85
5686,86
5687,87
5688,88
5689,89
5690,90
5691,91
5692,92
5693,93
5694,94
5695,95
5696,96
5697,97
5698,98
5699,99
5700,0
5701,1
5702,2
5703,3
5704,4
5705,5
5706,6
5707,7
5708,8
5709,9
5710,10
5711,11
5712,12
5713,13
5714,14
5715,15
5716,16
5717,17
5718,18
5719,19
5720,20
5721,21
5722,22
5723,23
5724,24
5725,25
5726,26
5727,27
5728,28
5729,29
5730,30
5731,31
5732,32
5733,33
5734,34
5735,35
5736,36
5737,37
5738,38
5739,39
5740,40
5741,41
5742,42
5743,43
5744,44
5745,45
5746,46
5747,47
5748,48
5749,49
5750,50
5751,51
5752,52
5753,53
5754,54
5755,55
5756,56
5757,57
5758,58
5759,59
5760,60
5761,61
5762,62
5763,63
5764,64
5765,65
5766,66
5767,67
5768,68
5769,69
5770,70
5771,71
5772,72
5773,73
5774,74
5775,75
5776,76
5777,77
5778,78
5779,79
5780,80
5781,81
5782,82
5783,83
5784,84
5785,85
5786,86
5787,87
5788,88
5789,89
5790,90
5791,91
5792,92
5793,93
5794,94
5795,95
5796,96
5797,97
5798,98
5799,99
5800,0
5801,1
5802,2
5803,3
5804,4
5805,5
5806,6
5807,7
5808,8
5809,9
5810,10
5811,11
5812,12
5813,13
5814,14
5815,15
5816,16
5817,17
5818,18
5819,19
5820,20
5821,21
5822,22
5823,23
5824,24
5825,25
5826,26
5827,27
5828,28
5829,29
5830,30
5831,31
5832,32
5833,33
5834,34
5835,35
5836,36
5837,37
5838,38
5839,39
5840,40
5841,41
5842,42
5843,43
5844,44
5845,45
5846,46
5847,47
5848,48
5849,49
5850,50
5851,51
5852,52
5853,53
5854,54
5855,55
5856,56
5857,57
5858,58
5859,59
5860,60
5861,61
5862,62
5863,63
5864,64
5865,65
5866,66
5867,67
5868,68
5869,69
5870,70
5871,71
5872,72
5873,73
5874,74
5875,75
5876,76
5877,77
5878,78
5879,79
5880,80
5881,81
5882,82
5883,83
5884,84
5885,85
5886,86
5887,87
5888,88
5889,89
5890,90
5891,91
5892,92
5893,93
5894,94
5895,95
5896,96
5897,97
5898,98
5899,99
5900,0
5901,1
5902,2
5903,3
5904,4
5905,5
5906,6
5907,7
5908,8
5909,9
5910,10
5911,11
5912,12
5913,13
5914,14
5915,15
5916,16
5917,17
5918,18
5919,19
5920,20
5921,21
5922,22
5923,23
5924,24
5925,25
5926,26
5927,27
5928,28
5929,29
5930,30
5931,31
5932,32
5933,33
5934,34
5935,35
5936,36
5937,37
5938,38
5939,39
5940,40
5941,41
5942,42
5943,43
5944,44
5945,45
5946,46
5947,47
5948,48
5949,49
5950,50
5951,51
5952,52
5953,53
5954,54
5955,55
5956,56
5957,57
5958,58
5959,59
5960,60
5961,61
5962,62
5963,63
5964,64
5965,65
5966,66
5967,67
5968,68
5969,69
5970,70
5971,71
5972,72
5973,73
5974,74
5975,75
5976,76
5977,77
5978,78
5979,79
5980,80
5981,81
5982,82
5983,83
5984,84
5985,85
5986,86
5987,87
5988,88
5989,89
5990,90
5991,91
5992,92
5993,93
5994,94
5995,95
5996,96
5997,97
5998,98
5999,99
6000,0
6001,1
6002,2
6003,3
6004,4
6005,5
6006,6
6007,7
6008,8
6009,9
6010,10
6011,11
6012,12
6013,13
6014,14
6015,15
6016,16
6017,17
6018,18
6019,19
6020,20
6021,21
6022,22
6023,23
6024,24
6025,25
6026,26
6027,27
6028,28
6029,29
6030,30
6031,31
6032,32
6033,33
6034,34
6035,35
6036,36
6037,37
6038,38
6039,39
6040,40
6041,41
6042,42
6043,43
6044,44
6045,45
6046,46
6047,47
6048,48
6049,49
6050,50
6051,51
6052,52
6053,53
6054,54
6055,55
6056,56
6057,57
6058,58
6059,59
6060,60
6061,61
6062,62
6063,63
6064,64
6065,65
6066,66
6067,67
6068,68
6069,69
6070,70
6071,71
6072,72
6073,73
6074,74
6075,75
6076,76
6077,77
6078,78
6079,79
6080,80
6081,81
6082,82
6083,83
6084,84
6085,85
6086,86
6087,87
6088,88
6089,89
6090,90
6091,91
6092,92
6093,93
6094,94
6095,95
6096,96
6097,97
6098,98
6099,99
6100,0
6101,1
6102,2
6103,3
6104,4
6105,5
6106,6
6107,7
6108,8
6109,9
6110,10
6111,11
6112,12
6113,13
6114,14
6115,15
6116,16
6117,17
6118,18
6119,19
6120,20
6121,21
6122,22
6123,23
6124,24
6125,25
6126,26
6127,27
6128,28
6129,29
6130,30
6131,31
6132,32
6133,33
6134,34
6135,35
6136,36
6137,37
6138,38
6139,39
6140,40
6141,41
6142,42
6143,43
6144,44
6145,45
6146,46
6147,47
6148,48
6149,49
6150,50
6151,51
6152,52
6153,53
6154,54
6155,55
6156,56
6157,57
6158,58
6159,59
6160,60
6161,61
6162,62
6163,63
6164,64
6165,65
6166,66
6167,67
6168,68
6169,69
6170,70
6171,71
6172,72
6173,73
6174,74
6175,75
6176,76
6177,77
6178,78
6179,79
6180,80
6181,81
6182,82
6183,83
6184,84
6185,85
6186,86
6187,87
6188,88
6189,89
6190,90
6191,91
6192,92
6193,93
6194,94
6195,95
6196,96
6197,97
6198,98
6199,99
6200,0
6201,1
6202,2
6203,3
6204,4
6205,5
6206,6
6207,7
6208,8
6209,9
6210,10
6211,11
6212,12
6213,13
6214,14
6215,15
6216,16
6217,17
6218,18
6219,19
6220,20
6221,21
6222,22
6223,23
6224,24
6225,25
6226,26
6227,27
6228,28
6229,29
6230,30
6231,31
6232,32
6233,33
6234,34
6235,35
6236,36
6237,37
6238,38
6239,39
6240,40
6241,41
6242,42
6243,43
6244,44
6245,45
6246,46
6247,47
6248,48
6249,49
6250,50
6251,51
6252,52
6253,53
6254,54
6255,55
6256,56
6257,57
6258,58
6259,59
6260,60
6261,61
6262,62
6263,63
6264,64
6265,65
6266,66
6267,67
6268,68
6269,69
6270,70
6271,71
6272,72
6273,73
6274,74
6275,75
6276,76
6277,77
6278,78
6279,79
6280,80
6281,81
6282,82
6283,83
6284,84
6285,85
6286,86
6287,87
6288,88
6289,89
6290,90
6291,91
6292,92
6293,93
6294,94
6295,95
6296,96
6297,97
6298,98
6299,99
6300,0
6301,1
6302,2
6303,3
6304,4
6305,5
6306,6
6307,7
6308,8
6309,9
6310,10
6311,11
6312,12
6313,13
6314,14
6315,15
6316,16
6317,17
6318,18
6319,19
6320,20
6321,21
6322,22
6323,23
6324,24
6325,25
6326,26
6327,27
6328,28
6329,29
6330,30
6331,31
6332,32
6333,33
6334,34
6335,35
6336,36
6337,37
6338,38
6339,39
6340,40
6341,41
6342,42
6343,43
6344,44
6345,45
6346,46
6347,47
6348,48
6349,49
6350,50
6351,51
6352,52
6353,53
6354,54
6355,55
6356,56
6357,57
6358,58
6359,59
6360,60
6361,61
6362,62
6363,63
6364,64
6365,65
6366,66
6367,67
6368,68
6369,69
6370,70
6371,71
6372,72
6373,73
6374,74
6375,75
6376,76
6377,77
6378,78
6379,79
6380,80
6381,81
6382,82
6383,83
6384,84
6385,85
6386,86
6387,87
6388,88
6389,89
6390,90
6391,91
6392,92
6393,93
6394,94
6395,95
6396,96
6397,97
6398,98
6399,99
6400,0
6401,1
6402,2
6403,3
6404,4
6405,5
6406,6
6407,7
6408,8
6409,9
6410,10
6411,11
6412,12
6413,13
6414,14
6415,15
6416,16
6417,17
6418,18
6419,19
6420,20
6421,21
6422,22
6423,23
6424,24
6425,25
6426,26
6427,27
6428,28
6429,29
6430,30
6431,31
6432,32
6433,33
6434,34
6435,35
6436,36
6437,37
6438,38
6439,39
6440,40
6441,41
6442,42
6443,43
6444,44
6445,45
6446,46
6447,47
6448,48
6449,49
6450,50
6451,51
6452,52
6453,53
6454,54
6455,55
6456,56
6457,57
6458,58
6459,59
6460,60
6461,61
6462,62
6463,63
6464,64
6465,65
6466,66
6467,67
6468,68
6469,69
6470,70
6471,71
6472,72
6473,73
6474,74
6475,75
6476,76
6477,77
6478,78
6479,79
6480,80
6481,81
6482,82
6483,83
6484,84
6485,85
6486,86
6487,87
6488,88
6489,89
6490,90
6491,91
6492,92
6493,93
6494,94
6495,95
6496,96
6497,97
6498,98
6499,99
6500,0
6501,1
6502,2
6503,3
6504,4
6505,5
6506,6
6507,7
6508,8
6509,9
6510,10
6511,11
6512,12
6513,13
6514,14
6515,15
6516,16
6517,17
6518,18
6519,19
6520,20
6521,21
6522,22
6523,23
6524,24
6525,25
6526,26
6527,27
6528,28
6529,29
6530,30
6531,31
6532,32
6533,33
6534,34
6535,35
6536,36
6537,37
6538,38
6539,39
6540,40
6541,41
6542,42
6543,43
6544,44
6545,45
6546,46
6547,47
6548,48
6549,49
6550,50
6551,51
6552,52
6553,53
6554,54
6555,55
6556,56
6557,57
6558,58
6559,59
6560,60
6561,61
6562,62
6563,63
6564,64
6565,65
6566,66
6567,67
6568,68
6569,69
6570,70
6571,71
6572,72
6573,73
6574,74
6575,75
6576,76
6577,77
6578,78
6579,79
6580,80
6581,81
6582,82
6583,83
6584,84
6585,85
6586,86
6587,87
6588,88
6589,89
6590,90
6591,91
6592,92
6593,93
6594,94
6595,95
6596,96
6597,97
6598,98
6599,99
6600,0
6601,1
6602,2
6603,3
6604,4
6605,5
6606,6
6607,7
6608,8
6609,9
6610,10
6611,11
6612,12
6613,13
6614,14
6615,15
6616,16
6617,17
6618,18
6619,19
6620,20
6621,21
6622,22
6623,23
6624,24
6625,25
6626,26
6627,27
6628,28
6629,29
6630,30
6631,31
6632,32
6633,33
6634,34
6635,35
6636,36
6637,37
6638,38
6639,39
6640,40
6641,41
6642,42
6643,43
6644,44
6645,45
6646,46
6647,47
6648,48
6649,49
6650,50
6651,51
6652,52
6653,53
6654,54
6655,55
6656,56
6657,57
6658,58
6659,59
6660,60
6661,61
6662,62
6663,63
6664,64
6665,65
6666,66
6667,67
6668,68
6669,69
6670,70
6671,71
6672,72
6673,73
6674,74
6675,75
6676,76
6677,77
6678,78
6679,79
6680,80
6681,81
6682,82
6683,83
6684,84
6685,85
6686,86
6687,87
6688,88
6689,89
6690,90
6691,91
6692,92
6693,93
6694,94
6695,95
6696,96
6697,97
6698,98
6699,99
6700,0
6701,1
6702,2
6703,3
6704,4
6705,5
6706,6
6707,7
6708,8
6709,9
6710,10
6711,11
6712,12
6713,13
6714,14
6715,15
6716,16
6717,17
6718,18
6719,19
6720,20
6721,21
6722,22
6723,23
6724,24
6725,25
6726,26
6727,27
6728,28
6729,29
6730,30
6731,31
6732,32
6733,33
6734,34
6735,35
6736,36
6737,37
6738,38
6739,39
6740,40
6741,41
6742,42
6743,43
6744,44
6745,45
6746,46
6747,47
6748,48
6749,49
6750,50
6751,51
6752,52
6753,53
6754,54
6755,55
6756,56
6757,57
6758,58
6759,59
6760,60
6761,61
6762,62
6763,63
6764,64
6765,65
6766,66
6767,67
6768,68
6769,69
6770,70
6771,71
6772,72
6773,73
6774,74
6775,75
6776,76
6777,77
6778,78
6779,79
6780,80
6781,81
6782,82
6783,83
6784,84
6785,85
6786,86
6787,87
6788,88
6789,89
6790,90
6791,91
6792,92
6793,93
6794,94
6795,95
6796,96
6797,97
6798,98
6799,99
6800,0
6801,1
6802,2
6803,3
6804,4
6805,5
6806,6
6807,7
6808,8
6809,9
6810,10
6811,11
6812,12
6813,13
6814,14
6815,15
6816,16
6817,17
6818,18
6819,19
6820,20
6821,21
6822,22
6823,23
6824,24
6825,25
6826,26
6827,27
6828,28
6829,29
6830,30
6831,31
6832,32
6833,33
6834,34
6835,35
6836,36
6837,37
6838,38
6839,39
6840,40
6841,41
6842,42
6843,43
6844,44
6845,45
6846,46
6847,47
6848,48
6849,49
6850,50
6851,51
6852,52
6853,53
6854,54
6855,55
6856,56
6857,57
6858,58
6859,59
6860,60
6861,61
6862,62
6863,63
6864,64
6865,65
6866,66
6867,67
6868,68
6869,69
6870,70
6871,71
6872,72
6873,73
6874,74
6875,75
6876,76
6877,77
6878,78
6879,79
6880,80
6881,81
6882,82
6883,83
6884,84
6885,85
6886,86
6887,87
6888,88
6889,89
6890,90
6891,91
6892,92
6893,93
6894,94
6895,95
6896,96
6897,97
6898,98
6899,99
6900,0
6901,1
6902,2
6903,3
6904,4
6905,5
6906,6
6907,7
6908,8
6909,9
6910,10
6911,11
6912,12
6913,13
6914,14
6915,15
6916,16
6917,17
6918,18
6919,19
6920,20
6921,21
6922,22
6923,23
6924,24
6925,25
6926,26
6927,27
6928,28
6929,29
6930,30
6931,31
6932,32
6933,33
6934,34
6935,35
6936,36
6937,37
6938,38
6939,39
6940,40
6941,41
6942,42
6943,43
6944,44
6945,45
6946,46
6947,47
6948,48
6949,49
6950,50
6951,51
6952,52
6953,53
6954,54
6955,55
6956,56
6957,57
6958,58
6959,59
6960,60
6961,61
6962,62
6963,63
6964,64
6965,65
6966,66
6967,67
6968,68
6969,69
6970,70
6971,71
6972,72
6973,73
6974,74
6975,75
6976,76
6977,77
6978,78
6979,79
6980,80
6981,81
6982,82
6983,83
6984,84
6985,85
6986,86
6987,87
6988,88
6989,89
6990,90
6991,91
6992,92
6993,93
6994,94
6995,95
6996,96
6997,97
6998,98
6999,99
7000,0
7001,1
7002,2
7003,3
7004,4
7005,5
7006,6
7007,7
7008,8
7009,9
7010,10
7011,11
7012,12
7013,13
7014,14
7015,15
7016,16
7017,17
7018,18
7019,19
7020,20
7021,21
7022,22
7023,23
7024,24
7025,25
7026,26
7027,27
7028,28
7029,29
7030,30
7031,31
7032,32
7033,33
7034,34
7035,35
7036,36
7037,37
7038,38
7039,39
7040,40
7041,41
7042,42
7043,43
7044,44
7045,45
7046,46
7047,47
7048,48
7049,49
7050,50
7051,51
7052,52
7053,53
7054,54
7055,55
7056,56
7057,57
7058,58
7059,59
7060,60
7061,61
7062,62
7063,63
7064,64
7065,65
7066,66
7067,67
7068,68
7069,69
7070,70
7071,71
7072,72
7073,73
7074,74
7075,75
7076,76
7077,77
7078,78
7079,79
7080,80
7081,81
7082,82
7083,83
7084,84
7085,85
7086,86
7087,87
7088,88
7089,89
7090,90
7091,91
7092,92
7093,93
7094,94
7095,95
7096,96
7097,97
7098,98
7099,99
7100,0
7101,1
7102,2
7103,3
7104,4
7105,5
7106,6
7107,7
7108,8
7109,9
7110,10
7111,11
7112,12
7113,13
7114,14
7115,15
7116,16
7117,17
7118,18
7119,19
7120,20
7121,21
7122,22
7123,23
7124,24
7125,25
7126,26
7127,27
7128,28
7129,29
7130,30
7131,31
7132,32
7133,33
7134,34
7135,35
7136,36
7137,37
7138,38
7139,39
7140,40
7141,41
7142,42
7143,43
7144,44
7145,45
7146,46
7147,47
7148,48
7149,49
7150,50
7151,51
7152,52
7153,53
7154,54
7155,55
7156,56
7157,57
7158,58
7159,59
7160,60
7161,61
7162,62
7163,63
7164,64
7165,65
7166,66
7167,67
7168,68
7169,69
7170,70
7171,71
7172,72
7173,73
7174,74
7175,75
7176,76
7177,77
7178,78
7179,79
7180,80
7181,81
7182,82
7183,83
7184,84
7185,85
7186,86
7187,87
7188,88
7189,89
7190,90
7191,91
7192,92
7193,93
7194,94
7195,95
7196,96
7197,97
7198,98
7199,99
7200,0
7201,1
7202,2
7203,3
7204,4
7205,5
7206,6
7207,7
7208,8
7209,9
7210,10
7211,11
7212,12
7213,13
7214,14
7215,15
7216,16
7217,17
7218,18
7219,19
7220,20
7221,21
7222,22
7223,23
7224,24
7225,25
7226,26
7227,27
7228,28
7229,29
7230,30
7231,31
7232,32
7233,33
7234,34
7235,35
7236,36
7237,37
7238,38
7239,39
7240,40
7241,41
7242,42
7243,43
7244,44
7245,45
7246,46
7247,47
7248,48
7249,49
7250,50
7251,51
7252,52
7253,53
7254,54
7255,55
7256,56
7257,57
7258,58
7259,59
7260,60
7261,61
7262,62
7263,63
7264,64
7265,65
7266,66
7267,67
7268,68
7269,69
7270,70
7271,71
7272,72
7273,73
7274,74
7275,75
7276,76
7277,77
7278,78
7279,79
7280,80
7281,81
7282,82
7283,83
7284,84
7285,85
7286,86
7287,87
7288,88
7289,89
7290,90
7291,91
7292,92
7293,93
7294,94
7295,95
7296,96
7297,97
7298,98
7299,99
7300,0
7301,1
7302,2
7303,3
7304,4
7305,5
7306,6
7307,7
7308,8
7309,9
7310,10
7311,11
7312,12
7313,13
7314,14
7315,15
7316,16
7317,17
7318,18
7319,19
7320,20
7321,21
7322,22
7323,23
7324,24
7325,25
7326,26
7327,27
7328,28
7329,29
7330,30
7331,31
7332,32
7333,33
7334,34
7335,35
7336,36
7337,37
7338,38
7339,39
7340,40
7341,41
7342,42
7343,43
7344,44
7345,45
7346,46
7347,47
7348,48
7349,49
7350,50
7351,51
7352,52
7353,53
7354,54
7355,55
7356,56
7357,57
7358,58
7359,59
7360,60
7361,61
7362,62
7363,63
7364,64
7365,65
7366,66
7367,67
7368,68
7369,69
7370,70
7371,71
7372,72
7373,73
7374,74
7375,75
7376,76
7377,77
7378,78
7379,79
7380,80
7381,81
7382,82
7383,83
7384,84
7385,85
7386,86
7387,87
7388,88
7389,89
7390,90
7391,91
7392,92
7393,93
7394,94
7395,95
7396,96
7397,97
7398,98
7399,99
7400,0
7401,1
7402,2
7403,3
7404,4
7405,5
7406,6
7407,7
7408,8
7409,9
7410,10
7411,11
7412,12
7413,13
7414,14
7415,15
7416,16
7417,17
7418,18
7419,19
7420,20
7421,21
7422,22
7423,23
7424,24
7425,25
7426,26
7427,27
7428,28
7429,29
7430,30
7431,31
7432,32
7433,33
7434,34
7435,35
7436,36
7437,37
7438,38
7439,39
7440,40
7441,41
7442,42
7443,43
7444,44
7445,45
7446,46
7447,47
7448,48
7449,49
7450,50
7451,51
7452,52
7453,53
7454,54
7455,55
7456,56
7457,57
7458,58
7459,59
7460,60
7461,61
7462,62
7463,63
7464,64
7465,65
7466,66
7467,67
7468,68
7469,69
7470,70
7471,71
7472,72
7473,73
7474,74
7475,75
7476,76
7477,77
7478,78
7479,79
7480,80
7481,81
7482,82
7483,83
7484,84
7485,85
7486,86
7487,87
7488,88
7489,89
7490,90
7491,91
7492,92
7493,93
7494,94
7495,95
7496,96
7497,97
7498,98
7499,99
7500,0
7501,1
7502,2
7503,3
7504,4
7505,5
7506,6
7507,7
7508,8
7509,9
7510,10
7511,11
7512,12
7513,13
7514,14
7515,15
7516,16
7517,17
7518,18
7519,19
7520,20
7521,21
7522,22
7523,23
7524,24
7525,25
7526,26
7527,27
7528,28
7529,29
7530,30
7531,31
7532,32
7533,33
7534,34
7535,35
7536,36
7537,37
7538,38
7539,39
7540,40
7541,41
7542,42
7543,43
7544,44
7545,45
7546,46
7547,47
7548,48
7549,49
7550,50
7551,51
7552,52
7553,53
7554,54
7555,55
7556,56
7557,57
7558,58
7559,59
7560,60
7561,61
7562,62
7563,63
7564,64
7565,65
7566,66
7567,67
7568,68
7569,69
7570,70
7571,71
7572,72
7573,73
7574,74
7575,75
7576,76
7577,77
7578,78
7579,79
7580,80
7581,81
7582,82
7583,83
7584,84
7585,85
7586,86
7587,87
7588,88
7589,89
7590,90
7591,91
7592,92
7593,93
7594,94
7595,95
7596,96
7597,97
7598,98
7599,99
7600,0
7601,1
7602,2
7603,3
7604,4
7605,5
7606,6
7607,7
7608,8
7609,9
7610,10
7611,11
7612,12
7613,13
7614,14
7615,15
7616,16
7617,17
7618,18
7619,19
7620,20
7621,21
7622,22
7623,23
7624,24
7625,25
7626,26
7627,27
7628,28
7629,29
7630,30
7631,31
7632,32
7633,33
7634,34
7635,35
7636,36
7637,37
7638,38
7639,39
7640,40
7641,41
7642,42
7643,43
7644,44
7645,45
7646,46
7647,47
7648,48
7649,49
7650,50
7651,51
7652,52
7653,53
7654,54
7655,55
7656,56
7657,57
7658,58
7659,59
7660,60
7661,61
7662,62
7663,63
7664,64
7665,65
7666,66
7667,67
7668,68
7669,69
7670,70
7671,71
7672,72
7673,73
7674,74
7675,75
7676,76
7677,77
7678,78
7679,79
7680,80
7681,81
7682,82
7683,83
7684,84
7685,85
7686,86
7687,87
7688,88
7689,89
7690,90
7691,91
7692,92
7693,93
7694,94
7695,95
7696,96
7697,97
7698,98
7699,99
7700,0
7701,1
7702,2
7703,3
7704,4
7705,5
7706,6
7707,7
7708,8
7709,9
7710,10
7711,11
7712,12
7713,13
7714,14
7715,15
7716,16
7717,17
7718,18
7719,19
7720,20
7721,21
7722,22
7723,23
7724,24
7725,25
7726,26
7727,27
7728,28
7729,29
7730,30
7731,31
7732,32
7733,33
7734,34
7735,35
7736,36
7737,37
7738,38
7739,39
7740,40
7741,41
7742,42
7743,43
7744,44
7745,45
7746,46
7747,47
7748,48
7749,49
7750,50
7751,51
7752,52
7753,53
7754,54
7755,55
7756,56
7757,57
7758,58
7759,59
7760,60
7761,61
7762,62
7763,63
7764,64
7765,65
7766,66
7767,67
7768,68
7769,69
7770,70
7771,71
7772,72
7773,73
7774,74
7775,75
7776,76
7777,77
7778,78
7779,79
7780,80
7781,81
7782,82
7783,83
7784,84
7785,85
7786,86
7787,87
7788,88
7789,89
7790,90
7791,91
7792,92
7793,93
7794,94
7795,95
7796,96
7797,97
7798,98
7799,99
7800,0
7801,1
7802,2
7803,3
7804,4
7805,5
7806,6
7807,7
7808,8
7809,9
7810,10
7811,11
7812,12
7813,13
7814,14
7815,15
7816,16
7817,17
7818,18
7819,19
7820,20
7821,21
7822,22
7823,23
7824,24
7825,25
7826,26
7827,27
7828,28
7829,29
7830,30
7831,31
7832,32
7833,33
7834,34
7835,35
7836,36
7837,37
7838,38
7839,39
7840,40
7841,41
7842,42
7843,43
7844,44
7845,45
7846,46
7847,47
7848,48
7849,49
7850,50
7851,51
7852,52
7853,53
7854,54
7855,55
7856,56
7857,57
7858,58
7859,59
7860,60
7861,61
7862,62
7863,63
7864,64
7865,65
7866,66
7867,67
7868,68
7869,69
7870,70
7871,71
7872,72
7873,73
7874,74
7875,75
7876,76
7877,77
7878,78
7879,79
7880,80
7881,81
7882,82
7883,83
7884,84
7885,85
7886,86
7887,87
7888,88
7889,89
7890,90
7891,91
7892,92
7893,93
7894,94
7895,95
7896,96
7897,97
7898,98
7899,99
7900,0
7901,1
7902,2
7903,3
7904,4
7905,5
7906,6
7907,7
7908,8
7909,9
7910,10
7911,11
7912,12
7913,13
7914,14
7915,15
7916,16
7917,17
7918,18
7919,19
7920,20
7921,21
7922,22
7923,23
7924,24
7925,25
7926,26
7927,27
7928,28
7929,29
7930,30
7931,31
7932,32
7933,33
7934,34
7935,35
7936,36
7937,37
7938,38
7939,39
7940,40
7941,41
7942,42
7943,43
7944,44
7945,45
7946,46
7947,47
7948,48
7949,49
7950,50
7951,51
7952,52
7953,53
7954,54
7955,55
7956,56
7957,57
7958,58
7959,59
7960,60
7961,61
7962,62
7963,63
7964,64
7965,65
7966,66
7967,67
7968,68
7969,69
7970,70
7971,71
7972,72
7973,73
7974,74
7975,75
7976,76
7977,77
7978,78
7979,79
7980,80
7981,81
7982,82
7983,83
7984,84
7985,85
7986,86
7987,87
7988,88
7989,89
7990,90
7991,91
7992,92
7993,93
7994,94
7995,95
7996,96
7997,97
7998,98
7999,99
8000,0
8001,1
8002,2
8003,3
8004,4
8005,5
8006,6
8007,7
8008,8
8009,9
8010,10
8011,11
8012,12
8013,13
8014,14
8015,15
8016,16
8017,17
8018,18
8019,19
8020,20
8021,21
8022,22
8023,23
8024,24
8025,25
8026,26
8027,27
8028,28
8029,29
8030,30
8031,31
8032,32
8033,33
8034,34
8035,35
8036,36
8037,37
8038,38
8039,39
8040,40
8041,41
8042,42
8043,43
8044,44
8045,45
8046,46
8047,47
8048,48
8049,49
8050,50
8051,51
8052,52
8053,53
8054,54
8055,55
8056,56
8057,57
8058,58
8059,59
8060,60
8061,61
8062,62
8063,63
8064,64
8065,65
8066,66
8067,67
8068,68
8069,69
8070,70
8071,71
8072,72
8073,73
8074,74
8075,75
8076,76
8077,77
8078,78
8079,79
8080,80
8081,81
8082,82
8083,83
8084,84
8085,85
8086,86
8087,87
8088,88
8089,89
8090,90
8091,91
8092,92
8093,93
8094,94
8095,95
8096,96
8097,97
8098,98
8099,99
8100,0
8101,1
8102,2
8103,3
8104,4
8105,5
8106,6
8107,7
8108,8
8109,9
8110,10
8111,11
8112,12
8113,13
8114,14
8115,15
8116,16
8117,17
8118,18
8119,19
8120,20
8121,21
8122,22
8123,23
8124,24
8125,25
8126,26
8127,27
8128,28
8129,29
8130,30
8131,31
8132,32
8133,33
8134,34
8135,35
8136,36
8137,37
8138,38
8139,39
8140,40
8141,41
8142,42
8143,43
8144,44
8145,45
8146,46
8147,47
8148,48
8149,49
8150,50
8151,51
8152,52
8153,53
8154,54
8155,55
8156,56
8157,57
8158,58
8159,59
8160,60
8161,61
8162,62
8163,63
8164,64
8165,65
8166,66
8167,67
8168,68
8169,69
8170,70
8171,71
8172,72
8173,73
8174,74
8175,75
8176,76
8177,77
8178,78
8179,79
8180,80
8181,81
8182,82
8183,83
8184,84
8185,85
8186,86
8187,87
8188,88
8189,89
8190,90
8191,91
8192,92
8193,93
8194,94
8195,95
8196,96
8197,97
8198,98
8199,99
8200,0
8201,1
8202,2
8203,3
8204,4
8205,5
8206,6
8207,7
8208,8
8209,9
8210,10
8211,11
8212,12
8213,13
8214,14
8215,15
8216,16
8217,17
8218,18
8219,19
8220,20
8221,21
8222,22
8223,23
8224,24
8225,25
8226,26
8227,27
8228,28
8229,29
8230,30
8231,31
8232,32
8233,33
8234,34
8235,35
8236,36
8237,37
8238,38
8239,39
8240,40
8241,41
8242,42
8243,43
8244,44
8245,45
8246,46
8247,47
8248,48
8249,49
8250,50
8251,51
8252,52
8253,53
8254,54
8255,55
8256,56
8257,57
8258,58
8259,59
8260,60
8261,61
8262,62
8263,63
8264,64
8265,65
8266,66
8267,67
8268,68
8269,69
8270,70
8271,71
8272,72
8273,73
8274,74
8275,75
8276,76
8277,77
8278,78
8279,79
8280,80
8281,81
8282,82
8283,83
8284,84
8285,85
8286,86
8287,87
8288,88
8289,89
8290,90
8291,91
8292,92
8293,93
8294,94
8295,95
8296,96
8297,97
8298,98
8299,99
8300,0
8301,1
8302,2
8303,3
8304,4
8305,5
8306,6
8307,7
8308,8
8309,9
8310,10
8311,11
8312,12
8313,13
8314,14
8315,15
8316,16
8317,17
8318,18
8319,19
8320,20
8321,21
8322,22
8323,23
8324,24
8325,25
8326,26
8327,27
8328,28
8329,29
8330,30
8331,31
8332,32
8333,33
8334,34
8335,35
8336,36
8337,37
8338,38
8339,39
8340,40
8341,41
8342,42
8343,43
8344,44
8345,45
8346,46
8347,47
8348,48
8349,49
8350,50
8351,51
8352,52
8353,53
8354,54
8355,55
8356,56
8357,57
8358,58
8359,59
8360,60
8361,61
8362,62
8363,63
8364,64
8365,65
8366,66
8367,67
8368,68
8369,69
8370,70
8371,71
8372,72
8373,73
8374,74
8375,75
8376,76
8377,77
8378,78
8379,79
8380,80
8381,81
8382,82
8383,83
8384,84
8385,85
8386,86
8387,87
8388,88
8389,89
8390,90
8391,91
8392,92
8393,93
8394,94
8395,95
8396,96
8397,97
8398,98
8399,99
8400,0
8401,1
8402,2
8403,3
8404,4
8405,5
8406,6
8407,7
8408,8
8409,9
8410,10
8411,11
8412,12
8413,13
8414,14
8415,15
8416,16
8417,17
8418,18
8419,19
8420,20
8421,21
8422,22
8423,23
8424,24
8425,25
8426,26
8427,27
8428,28
8429,29
8430,30
8431,31
8432,32
8433,33
8434,34
8435,35
8436,36
8437,37
8438,38
8439,39
8440,40
8441,41
8442,42
8443,43
8444,44
8445,45
8446,46
8447,47
8448,48
8449,49
8450,50
8451,51
8452,52
8453,53
8454,54
8455,55
8456,56
8457,57
8458,58
8459,59
8460,60
8461,61
8462,62
8463,63
8464,64
8465,65
8466,66
8467,67
8468,68
8469,69
8470,70
8471,71
8472,72
8473,73
8474,74
8475,75
8476,76
8477,77
8478,78
8479,79
8480,80
8481,81
8482,82
8483,83
8484,84
8485,85
8486,86
8487,87
8488,88
8489,89
8490,90
8491,91
8492,92
8493,93
8494,94
8495,95
8496,96
8497,97
8498,98
8499,99
8500,0
8501,1
8502,2
8503,3
8504,4
8505,5
8506,6
8507,7
8508,8
8509,9
8510,10
8511,11
8512,12
8513,13
8514,14
8515,15
8516,16
8517,17
8518,18
8519,19
8520,20
8521,21
8522,22
8523,23
8524,24
8525,25
8526,26
8527,27
8528,28
8529,29
8530,30
8531,31
8532,32
8533,33
8534,34
8535,35
8536,36
8537,37
8538,38
8539,39
8540,40
8541,41
8542,42
8543,43
8544,44
8545,45
8546,46
8547,47
8548,48
8549,49
8550,50
8551,51
8552,52
8553,53
8554,54
8555,55
8556,56
8557,57
8558,58
8559,59
8560,60
8561,61
8562,62
8563,63
8564,64
8565,65
8566,66
8567,67
8568,68
8569,69
8570,70
8571,71
8572,72
8573,73
8574,74
8575,75
8576,76
8577,77
8578,78
8579,79
8580,80
8581,81
8582,82
8583,83
8584,84
8585,85
8586,86
8587,87
8588,88
8589,89
8590,90
8591,91
8592,92
8593,93
8594,94
8595,95
8596,96
8597,97
8598,98
8599,99
8600,0
8601,1
8602,2
8603,3
8604,4
8605,5
8606,6
8607,7
8608,8
8609,9
8610,10
8611,11
8612,12
8613,13
8614,14
8615,15
8616,16
8617,17
8618,18
8619,19
8620,20
8621,21
8622,22
8623,23
8624,24
8625,25
8626,26
8627,27
8628,28
8629,29
8630,30
8631,31
8632,32
8633,33
8634,34
8635,35
8636,36
8637,37
8638,38
8639,39
8640,40
8641,41
8642,42
8643,43
8644,44
8645,45
8646,46
8647,47
8648,48
8649,49
8650,50
8651,51
8652,52
8653,53
8654,54
8655,55
8656,56
8657,57
8658,58
8659,59
8660,60
8661,61
8662,62
8663,63
8664,64
8665,65
8666,66
8667,67
8668,68
8669,69
8670,70
8671,71
8672,72
8673,73
8674,74
8675,75
8676,76
8677,77
8678,78
8679,79
8680,80
8681,81
8682,82
8683,83
8684,84
8685,85
8686,86
8687,87
8688,88
8689,89
8690,90
8691,91
8692,92
8693,93
8694,94
8695,95
8696,96
8697,97
8698,98
8699,99
8700,0
8701,1
8702,2
8703,3
8704,4
8705,5
8706,6
8707,7
8708,8
8709,9
8710,10
8711,11
8712,12
8713,13
8714,14
8715,15
8716,16
8717,17
8718,18
8719,19
8720,20
8721,21
8722,22
8723,23
8724,24
8725,25
8726,26
8727,27
8728,28
8729,29
8730,30
8731,31
8732,32
8733,33
8734,34
8735,35
8736,36
8737,37
8738,38
8739,39
8740,40
8741,41
8742,42
8743,43
8744,44
8745,45
8746,46
8747,47
8748,48
8749,49
8750,50
8751,51
8752,52
8753,53
8754,54
8755,55
8756,56
8757,57
8758,58
8759,59
8760,60
8761,61
8762,62
8763,63
8764,64
8765,65
8766,66
8767,67
8768,68
8769,69
8770,70
8771,71
8772,72
8773,73
8774,74
8775,75
8776,76
8777,77
8778,78
8779,79
8780,80
8781,81
8782,82
8783,83
8784,84
8785,85
8786,86
8787,87
8788,88
8789,89
8790,90
8791,91
8792,92
8793,93
8794,94
8795,95
8796,96
8797,97
8798,98
8799,99
8800,0
8801,1
8802,2
8803,3
8804,4
8805,5
8806,6
8807,7
8808,8
8809,9
8810,10
8811,11
8812,12
8813,13
8814,14
8815,15
8816,16
8817,17
8818,18
8819,19
8820,20
8821,21
8822,22
8823,23
8824,24
8825,25
8826,26
8827,27
8828,28
8829,29
8830,30
8831,31
8832,32
8833,33
8834,34
8835,35
8836,36
8837,37
8838,38
8839,39
8840,40
8841,41
8842,42
8843,43
8844,44
8845,45
8846,46
8847,47
8848,48
8849,49
8850,50
8851,51
8852,52
8853,53
8854,54
8855,55
8856,56
8857,57
8858,58
8859,59
8860,60
8861,61
8862,62
8863,63
8864,64
8865,65
8866,66
8867,67
8868,68
8869,69
8870,70
8871,71
8872,72
8873,73
8874,74
8875,75
8876,76
8877,77
8878,78
8879,79
8880,80
8881,81
8882,82
8883,83
8884,84
8885,85
8886,86
8887,87
8888,88
8889,89
8890,90
8891,91
8892,92
8893,93
8894,94
8895,95
8896,96
8897,97
8898,98
8899,99
8900,0
8901,1
8902,2
8903,3
8904,4
8905,5
8906,6
8907,7
8908,8
8909,9
8910,10
8911,11
8912,12
8913,13
8914,14
8915,15
8916,16
8917,17
8918,18
8919,19
8920,20
8921,21
8922,22
8923,23
8924,24
8925,25
8926,26
8927,27
8928,28
8929,29
8930,30
8931,31
8932,32
8933,33
8934,34
8935,35
8936,36
8937,37
8938,38
8939,39
8940,40
8941,41
8942,42
8943,43
8944,44
8945,45
8946,46
8947,47
8948,48
8949,49
8950,50
8951,51
8952,52
8953,53
8954,54
8955,55
8956,56
8957,57
8958,58
8959,59
8960,60
8961,61
8962,62
8963,63
8964,64
8965,65
8966,66
8967,67
8968,68
8969,69
8970,70
8971,71
8972,72
8973,73
8974,74
8975,75
8976,76
8977,77
8978,78
8979,79
8980,80
8981,81
8982,82
8983,83
8984,84
8985,85
8986,86
8987,87
8988,88
8989,89
8990,90
8991,91
8992,92
8993,93
8994,94
8995,95
8996,96
8997,97
8998,98
8999,99
9000,0
9001,1
9002,2
9003,3
9004,4
9005,5
9006,6
9007,7
9008,8
9009,9
9010,10
9011,11
9012,12
9013,13
9014,14
9015,15
9016,16
9017,17
9018,18
9019,19
9020,20
9021,21
9022,22
9023,23
9024,24
9025,25
9026,26
9027,27
9028,28
9029,29
9030,30
9031,31
9032,32
9033,33
9034,34
9035,35
9036,36
9037,37
9038,38
9039,39
9040,40
9041,41
9042,42
9043,43
9044,44
9045,45
9046,46
9047,47
9048,48
9049,49
9050,50
9051,51
9052,52
9053,53
9054,54
9055,55
9056,56
9057,57
9058,58
9059,59
9060,60
9061,61
9062,62
9063,63
9064,64
9065,65
9066,66
9067,67
9068,68
9069,69
9070,70
9071,71
9072,72
9073,73
9074,74
9075,75
9076,76
9077,77
9078,78
9079,79
9080,80
9081,81
9082,82
9083,83
9084,84
9085,85
9086,86
9087,87
9088,88
9089,89
9090,90
9091,91
9092,92
9093,93
9094,94
9095,95
9096,96
9097,97
9098,98
9099,99
9100,0
9101,1
9102,2
9103,3
9104,4
9105,5
9106,6
9107,7
9108,8
9109,9
9110,10
9111,11
9112,12
9113,13
9114,14
9115,15
9116,16
9117,17
9118,18
9119,19
9120,20
9121,21
9122,22
9123,23
9124,24
9125,25
9126,26
9127,27
9128,28
9129,29
9130,30
9131,31
9132,32
9133,33
9134,34
9135,35
9136,36
9137,37
9138,38
9139,39
9140,40
9141,41
9142,42
9143,43
9144,44
9145,45
9146,46
9147,47
9148,48
9149,49
9150,50
9151,51
9152,52
9153,53
9154,54
9155,55
9156,56
9157,57
9158,58
9159,59
9160,60
9161,61
9162,62
9163,63
9164,64
9165,65
9166,66
9167,67
9168,68
9169,69
9170,70
9171,71
9172,72
9173,73
9174,74
9175,75
9176,76
9177,77
9178,78
9179,79
9180,80
9181,81
9182,82
9183,83
9184,84
9185,85
9186,86
9187,87
9188,88
9189,89
9190,90
9191,91
9192,92
9193,93
9194,94
9195,95
9196,96
9197,97
9198,98
9199,99
9200,0
9201,1
9202,2
9203,3
9204,4
9205,5
9206,6
9207,7
9208,8
9209,9
9210,10
9211,11
9212,12
9213,13
9214,14
9215,15
9216,16
9217,17
9218,18
9219,19
9220,20
9221,21
9222,22
9223,23
9224,24
9225,25
9226,26
9227,27
9228,28
9229,29
9230,30
9231,31
9232,32
9233,33
9234,34
9235,35
9236,36
9237,37
9238,38
9239,39
9240,40
9241,41
9242,42
9243,43
9244,44
9245,45
9246,46
9247,47
9248,48
9249,49
9250,50
9251,51
9252,52
9253,53
9254,54
9255,55
9256,56
9257,57
9258,58
9259,59
9260,60
9261,61
9262,62
9263,63
9264,64
9265,65
9266,66
9267,67
9268,68
9269,69
9270,70
9271,71
9272,72
9273,73
9274,74
9275,75
9276,76
9277,77
9278,78
9279,79
9280,80
9281,81
9282,82
9283,83
9284,84
9285,85
9286,86
9287,87
9288,88
9289,89
9290,90
9291,91
9292,92
9293,93
9294,94
9295,95
9296,96
9297,97
9298,98
9299,99
9300,0
9301,1
9302,2
9303,3
9304,4
9305,5
9306,6
9307,7
9308,8
9309,9
9310,10
9311,11
9312,12
9313,13
9314,14
9315,15
9316,16
9317,17
9318,18
9319,19
9320,20
9321,21
9322,22
9323,23
9324,24
9325,25
9326,26
9327,27
9328,28
9329,29
9330,30
9331,31
9332,32
9333,33
9334,34
9335,35
9336,36
9337,37
9338,38
9339,39
9340,40
9341,41
9342,42
9343,43
9344,44
9345,45
9346,46
9347,47
9348,48
9349,49
9350,50
9351,51
9352,52
9353,53
9354,54
9355,55
9356,56
9357,57
9358,58
9359,59
9360,60
9361,61
9362,62
9363,63
9364,64
9365,65
9366,66
9367,67
9368,68
9369,69
9370,70
9371,71
9372,72
9373,73
9374,74
9375,75
9376,76
9377,77
9378,78
9379,79
9380,80
9381,81
9382,82
9383,83
9384,84
9385,85
9386,86
9387,87
9388,88
9389,89
9390,90
9391,91
9392,92
9393,93
9394,94
9395,95
9396,96
9397,97
9398,98
9399,99
9400,0
9401,1
9402,2
9403,3
9404,4
9405,5
9406,6
9407,7
9408,8
9409,9
9410,10
9411,11
9412,12
9413,13
9414,14
9415,15
9416,16
9417,17
9418,18
9419,19
9420,20
9421,21
9422,22
9423,23
9424,24
9425,25
9426,26
9427,27
9428,28
9429,29
9430,30
9431,31
9432,32
9433,33
9434,34
9435,35
9436,36
9437,37
9438,38
9439,39
9440,40
9441,41
9442,42
9443,43
9444,44
9445,45
9446,46
9447,47
9448,48
9449,49
9450,50
9451,51
9452,52
9453,53
9454,54
9455,55
9456,56
9457,57
9458,58
9459,59
9460,60
9461,61
9462,62
9463,63
9464,64
9465,65
9466,66
9467,67
9468,68
9469,69
9470,70
9471,71
9472,72
9473,73
9474,74
9475,75
9476,76
9477,77
9478,78
9479,79
9480,80
9481,81
9482,82
9483,83
9484,84
9485,85
9486,86
9487,87
9488,88
9489,89
9490,90
9491,91
9492,92
9493,93
9494,94
9495,95
9496,96
9497,97
9498,98
9499,99
9500,0
9501,1
9502,2
9503,3
9504,4
9505,5
9506,6
9507,7
9508,8
9509,9
9510,10
9511,11
9512,12
9513,13
9514,14
9515,15
9516,16
9517,17
9518,18
9519,19
9520,20
9521,21
9522,22
9523,23
9524,24
9525,25
9526,26
9527,27
9528,28
9529,29
9530,30
9531,31
9532,32
9533,33
9534,34
9535,35
9536,36
9537,37
9538,38
9539,39
9540,40
9541,41
9542,42
9543,43
9544,44
9545,45
9546,46
9547,47
9548,48
9549,49
9550,50
9551,51
9552,52
9553,53
9554,54
9555,55
9556,56
9557,57
9558,58
9559,59
9560,60
9561,61
9562,62
9563,63
9564,64
9565,65
9566,66
9567,67
9568,68
9569,69
9570,70
9571,71
9572,72
9573,73
9574,74
9575,75
9576,76
9577,77
9578,78
9579,79
9580,80
9581,81
9582,82
9583,83
9584,84
9585,85
9586,86
9587,87
9588,88
9589,89
9590,90
9591,91
9592,92
9593,93
9594,94
9595,95
9596,96
9597,97
9598,98
9599,99
9600,0
9601,1
9602,2
9603,3
9604,4
9605,5
9606,6
9607,7
9608,8
9609,9
9610,10
9611,11
9612,12
9613,13
9614,14
9615,15
9616,16
9617,17
9618,18
9619,19
9620,20
9621,21
9622,22
9623,23
9624,24
9625,25
9626,26
9627,27
9628,28
9629,29
9630,30
9631,31
9632,32
9633,33
9634,34
9635,35
9636,36
9637,37
9638,38
9639,39
9640,40
9641,41
9642,42
9643,43
9644,44
9645,45
9646,46
9647,47
9648,48
9649,49
9650,50
9651,51
9652,52
9653,53
9654,54
9655,55
9656,56
9657,57
9658,58
9659,59
9660,60
9661,61
9662,62
9663,63
9664,64
9665,65
9666,66
9667,67
9668,68
9669,69
9670,70
9671,71
9672,72
9673,73
9674,74
9675,75
9676,76
9677,77
9678,78
9679,79
9680,80
9681,81
9682,82
9683,83
9684,84
9685,85
9686,86
9687,87
9688,88
9689,89
9690,90
9691,91
9692,92
9693,93
9694,94
9695,95
9696,96
9697,97
9698,98
9699,99
9700,0
9701,1
9702,2
9703,3
9704,4
9705,5
9706,6
9707,7
9708,8
9709,9
9710,10
9711,11
9712,12
9713,13
9714,14
9715,15
9716,16
9717,17
9718,18
9719,19
9720,20
9721,21
9722,22
9723,23
9724,24
9725,25
9726,26
9727,27
9728,28
9729,29
9730,30
9731,31
9732,32
9733,33
9734,34
9735,35
9736,36
9737,37
9738,38
9739,39
9740,40
9741,41
9742,42
9743,43
9744,44
9745,45
9746,46
9747,47
9748,48
9749,49
9750,50
9751,51
9752,52
9753,53
9754,54
9755,55
9756,56
9757,57
9758,58
9759,59
9760,60
9761,61
9762,62
9763,63
9764,64
9765,65
9766,66
9767,67
9768,68
9769,69
9770,70
9771,71
9772,72
9773,73
9774,74
9775,75
9776,76
9777,77
9778,78
9779,79
9780,80
9781,81
9782,82
9783,83
9784,84
9785,85
9786,86
9787,87
9788,88
9789,89
9790,90
9791,91
9792,92
9793,93
9794,94
9795,95
9796,96
9797,97
9798,98
9799,99
9800,0
9801,1
9802,2
9803,3
9804,4
9805,5
9806,6
9807,7
9808,8
9809,9
9810,10
9811,11
9812,12
9813,13
9814,14
9815,15
9816,16
9817,17
9818,18
9819,19
9820,20
9821,21
9822,22
9823,23
9824,24
9825,25
9826,26
9827,27
9828,28
9829,29
9830,30
9831,31
9832,32
9833,33
9834,34
9835,35
9836,36
9837,37
9838,38
9839,39
9840,40
9841,41
9842,42
9843,43
9844,44
9845,45
9846,46
9847,47
9848,48
9849,49
9850,50
9851,51
9852,52
9853,53
9854,54
9855,55
9856,56
9857,57
9858,58
9859,59
9860,60
9861,61
9862,62
9863,63
9864,64
9865,65
9866,66
9867,67
9868,68
9869,69
9870,70
9871,71
9872,72
9873,73
9874,74
9875,75
9876,76
9877,77
9878,78
9879,79
9880,80
9881,81
9882,82
9883,83
9884,84
9885,85
9886,86
9887,87
9888,88
9889,89
9890,90
9891,91
9892,92
9893,93
9894,94
9895,95
9896,96
9897,97
9898,98
9899,99
9900,0
9901,1
9902,2
9903,3
9904,4
9905,5
9906,6
9907,7
9908,8
9909,9
9910,10
9911,11
9912,12
9913,13
9914,14
9915,15
9916,16
9917,17
9918,18
9919,19
9920,20
9921,21
9922,22
9923,23
9924,24
9925,25
9926,26
9927,27
9928,28
9929,29
9930,30
9931,31
9932,32
9933,33
9934,34
9935,35
9936,36
9937,37
9938,38
9939,39
9940,40
9941,41
9942,42
9943,43
9944,44
9945,45
9946,46
9947,47
9948,48
9949,49
9950,50
9951,51
9952,52
9953,53
9954,54
9955,55
9956,56
9957,57
9958,58
9959,59
9960,60
9961,61
9962,62
9963,63
9964,64
9965,65
9966,66
9967,67
9968,68
9969,69
9970,70
9971,71
9972,72
9973,73
9974,74
9975,75
9976,76
9977,77
9978,78
9979,79
9980,80
9981,81
9982,82
9983,83
9984,84
9985,85
9986,86
9987,87
9988,88
9989,89
9990,90
9991,91
9992,92
9993,93
9994,94
9995,95
9996,96
9997,97
9998,98
9999,99
10000,0
10001,1
10002,2
10003,3
10004,4
10005,5
10006,6
10007,7
10008,8
10009,9
10010,10
10011,11
10012,12
10013,13
10014,14
10015,15
10016,16
10017,17
10018,18
10019,19
10020,20
10021,21
10022,22
10023,23
10024,24
10025,25
10026,26
10027,27
10028,28
10029,29
10030,30
10031,31
10032,32
10033,33
10034,34
10035,35
10036,36
10037,37
10038,38
10039,39
10040,40
10041,41
10042,42
10043,43
10044,44
10045,45
10046,46
10047,47
10048,48
10049,49
10050,50
10051,51
10052,52
10053,53
10054,54
10055,55
10056,56
10057,57
10058,58
10059,59
10060,60
10061,61
10062,62
10063,63
10064,64
10065,65
10066,66
10067,67
10068,68
10069,69
10070,70
10071,71
10072,72
10073,73
10074,74
10075,75
10076,76
10077,77
10078,78
10079,79
10080,80
10081,81
10082,82
10083,83
10084,84
10085,85
10086,86
10087,87
10088,88
10089,89
10090,90
10091,91
10092,92
10093,93
10094,94
10095,95
10096,96
10097,97
10098,98
10099,99
10100,0
10101,1
10102,2
10103,3
10104,4
10105,5
10106,6
10107,7
10108,8
10109,9
10110,10
10111,11
10112,12
10113,13
10114,14
10115,15
10116,16
10117,17
10118,18
10119,19
10120,20
10121,21
10122,22
10123,23
10124,24
10125,25
10126,26
10127,27
10128,28
10129,29
10130,30
10131,31
10132,32
10133,33
10134,34
10135,35
10136,36
10137,37
10138,38
10139,39
10140,40
10141,41
10142,42
10143,43
10144,44
10145,45
10146,46
10147,47
10148,48
10149,49
10150,50
10151,51
10152,52
10153,53
10154,54
10155,55
10156,56
10157,57
10158,58
10159,59
10160,60
10161,61
10162,62
10163,63
10164,64
10165,65
10166,66
10167,67
10168,68
10169,69
10170,70
10171,71
10172,72
10173,73
10174,74
10175,75
10176,76
10177,77
10178,78
10179,79
10180,80
10181,81
10182,82
10183,83
10184,84
10185,85
10186,86
10187,87
10188,88
10189,89
10190,90
10191,91
10192,92
10193,93
10194,94
10195,95
10196,96
10197,97
10198,98
10199,99
10200,0
10201,1
10202,2
10203,3
10204,4
10205,5
10206,6
10207,7
10208,8
10209,9
10210,10
10211,11
10212,12
10213,13
10214,14
10215,15
10216,16
10217,17
10218,18
10219,19
10220,20
10221,21
10222,22
10223,23
10224,24
10225,25
10226,26
10227,27
10228,28
10229,29
10230,30
10231,31
10232,32
10233,33
10234,34
10235,35
10236,36
10237,37
10238,38
10239,39
10240,40
10241,41
10242,42
10243,43
10244,44
10245,45
10246,46
10247,47
10248,48
10249,49
10250,50
10251,51
10252,52
10253,53
10254,54
10255,55
10256,56
10257,57
10258,58
10259,59
10260,60
10261,61
10262,62
10263,63
10264,64
10265,65
10266,66
10267,67
10268,68
10269,69
10270,70
10271,71
10272,72
10273,73
10274,74
10275,75
10276,76
10277,77
10278,78
10279,79
10280,80
10281,81
10282,82
10283,83
10284,84
10285,85
10286,86
10287,87
10288,88
10289,89
10290,90
10291,91
10292,92
10293,93
10294,94
10295,95
10296,96
10297,97
10298,98
10299,99
10300,0
10301,1
10302,2
10303,3
10304,4
10305,5
10306,6
10307,7
10308,8
10309,9
10310,10
10311,11
10312,12
10313,13
10314,14
10315,15
10316,16
10317,17
10318,18
10319,19
10320,20
10321,21
10322,22
10323,23
10324,24
10325,25
10326,26
10327,27
10328,28
10329,29
10330,30
10331,31
10332,32
10333,33
10334,34
10335,35
10336,36
10337,37
10338,38
10339,39
10340,40
10341,41
10342,42
10343,43
10344,44
10345,45
10346,46
10347,47
10348,48
10349,49
10350,50
10351,51
10352,52
10353,53
10354,54
10355,55
10356,56
10357,57
10358,58
10359,59
10360,60
10361,61
10362,62
10363,63
10364,64
10365,65
10366,66
10367,67
10368,68
10369,69
10370,70
10371,71
10372,72
10373,73
10374,74
10375,75
10376,76
10377,77
10378,78
10379,79
10380,80
10381,81
10382,82
10383,83
10384,84
10385,85
10386,86
10387,87
10388,88
10389,89
10390,90
10391,91
10392,92
10393,93
10394,94
10395,95
10396,96
10397,97
10398,98
10399,99
10400,0
10401,1
10402,2
10403,3
10404,4
10405,5
10406,6
10407,7
10408,8
10409,9
10410,10
10411,11
10412,12
10413,13
10414,14
10415,15
10416,16
10417,17
10418,18
10419,19
10420,20
10421,21
10422,22
10423,23
10424,24
10425,25
10426,26
10427,27
10428,28
10429,29
10430,30
10431,31
10432,32
10433,33
10434,34
10435,35
10436,36
10437,37
10438,38
10439,39
10440,40
10441,41
10442,42
10443,43
10444,44
10445,45
10446,46
10447,47
10448,48
10449,49
10450,50
10451,51
10452,52
10453,53
10454,54
10455,55
10456,56
10457,57
10458,58
10459,59
10460,60
10461,61
10462,62
10463,63
10464,64
10465,65
10466,66
10467,67
10468,68
10469,69
10470,70
10471,71
10472,72
10473,73
10474,74
10475,75
10476,76
10477,77
10478,78
10479,79
10480,80
10481,81
10482,82
10483,83
10484,84
10485,85
10486,86
10487,87
10488,88
10489,89
10490,90
10491,91
10492,92
10493,93
10494,94
10495,95
10496,96
10497,97
10498,98
10499,99
10500,0
10501,1
10502,2
10503,3
10504,4
10505,5
10506,6
10507,7
10508,8
10509,9
10510,10
10511,11
10512,12
10513,13
10514,14
10515,15
10516,16
10517,17
10518,18
10519,19
10520,20
10521,21
10522,22
10523,23
10524,24
10525,25
10526,26
10527,27
10528,28
10529,29
10530,30
10531,31
10532,32
10533,33
10534,34
10535,35
10536,36
10537,37
10538,38
10539,39
10540,40
10541,41
10542,42
10543,43
10544,44
10545,45
10546,46
10547,47
10548,48
10549,49
10550,50
10551,51
10552,52
10553,53
10554,54
10555,55
10556,56
10557,57
10558,58
10559,59
10560,60
10561,61
10562,62
10563,63
10564,64
10565,65
10566,66
10567,67
10568,68
10569,69
10570,70
10571,71
10572,72
10573,73
10574,74
10575,75
10576,76
10577,77
10578,78
10579,79
10580,80
10581,81
10582,82
10583,83
10584,84
10585,85
10586,86
10587,87
10588,88
10589,89
10590,90
10591,91
10592,92
10593,93
10594,94
10595,95
10596,96
10597,97
10598,98
10599,99
10600,0
10601,1
10602,2
10603,3
10604,4
10605,5
10606,6
10607,7
10608,8
10609,9
10610,10
10611,11
10612,12
10613,13
10614,14
10615,15
10616,16
10617,17
10618,18
10619,19
10620,20
10621,21
10622,22
10623,23
10624,24
10625,25
10626,26
10627,27
10628,28
10629,29
10630,30
10631,31
10632,32
10633,33
10634,34
10635,35
10636,36
10637,37
10638,38
10639,39
10640,40
10641,41
10642,42
10643,43
10644,44
10645,45
10646,46
10647,47
10648,48
10649,49
10650,50
10651,51
10652,52
10653,53
10654,54
10655,55
10656,56
10657,57
10658,58
10659,59
10660,60
10661,61
10662,62
10663,63
10664,64
10665,65
10666,66
10667,67
10668,68
10669,69
10670,70
10671,71
10672,72
10673,73
10674,74
10675,75
10676,76
10677,77
10678,78
10679,79
10680,80
10681,81
10682,82
10683,83
10684,84
10685,85
10686,86
10687,87
10688,88
10689,89
10690,90
10691,91
10692,92
10693,93
10694,94
10695,95
10696,96
10697,97
10698,98
10699,99
10700,0
10701,1
10702,2
10703,3
10704,4
10705,5
10706,6
10707,7
10708,8
10709,9
10710,10
10711,11
10712,12
10713,13
10714,14
10715,15
10716,16
10717,17
10718,18
10719,19
10720,20
10721,21
10722,22
10723,23
10724,24
10725,25
10726,26
10727,27
10728,28
10729,29
10730,30
10731,31
10732,32
10733,33
10734,34
10735,35
10736,36
10737,37
10738,38
10739,39
10740,40
10741,41
10742,42
10743,43
10744,44
10745,45
10746,46
10747,47
10748,48
10749,49
10750,50
10751,51
10752,52
10753,53
10754,54
10755,55
10756,56
10757,57
10758,58
10759,59
10760,60
10761,61
10762,62
10763,63
10764,64
10765,65
10766,66
10767,67
10768,68
10769,69
10770,70
10771,71
10772,72
10773,73
10774,74
10775,75
10776,76
10777,77
10778,78
10779,79
10780,80
10781,81
10782,82
10783,83
10784,84
10785,85
10786,86
10787,87
10788,88
10789,89
10790,90
10791,91
10792,92
10793,93
10794,94
10795,95
10796,96
10797,97
10798,98
10799,99
10800,0
10801,1
10802,2
10803,3
10804,4
10805,5
10806,6
10807,7
10808,8
10809,9
10810,10
10811,11
10812,12
10813,13
10814,14
10815,15
10816,16
10817,17
10818,18
10819,19
10820,20
10821,21
10822,22
10823,23
10824,24
10825,25
10826,26
10827,27
10828,28
10829,29
10830,30
10831,31
10832,32
10833,33
10834,34
10835,35
10836,36
10837,37
10838,38
10839,39
10840,40
10841,41
10842,42
10843,43
10844,44
10845,45
10846,46
10847,47
10848,48
10849,49
10850,50
10851,51
10852,52
10853,53
10854,54
10855,55
10856,56
10857,57
10858,58
10859,59
10860,60
10861,61
10862,62
10863,63
10864,64
10865,65
10866,66
10867,67
10868,68
10869,69
10870,70
10871,71
10872,72
10873,73
10874,74
10875,75
10876,76
10877,77
10878,78
10879,79
10880,80
10881,81
10882,82
10883,83
10884,84
10885,85
10886,86
10887,87
10888,88
10889,89
10890,90
10891,91
10892,92
10893,93
10894,94
10895,95
10896,96
10897,97
10898,98
10899,99
10900,0
10901,1
10902,2
10903,3
10904,4
10905,5
10906,6
10907,7
10908,8
10909,9
10910,10
10911,11
10912,12
10913,13
10914,14
10915,15
10916,16
10917,17
10918,18
10919,19
10920,20
10921,21
10922,22
10923,23
10924,24
10925,25
10926,26
10927,27
10928,28
10929,29
10930,30
10931,31
10932,32
10933,33
10934,34
10935,35
10936,36
10937,37
10938,38
10939,39
10940,40
10941,41
10942,42
10943,43
10944,44
10945,45
10946,46
10947,47
10948,48
10949,49
10950,50
10951,51
10952,52
10953,53
10954,54
10955,55
10956,56
10957,57
10958,58
10959,59
10960,60
10961,61
10962,62
10963,63
10964,64
10965,65
10966,66
10967,67
10968,68
10969,69
10970,70
10971,71
10972,72
10973,73
10974,74
10975,75
10976,76
10977,77
10978,78
10979,79
10980,80
10981,81
10982,82
10983,83
10984,84
10985,85
10986,86
10987,87
10988,88
10989,89
10990,90
10991,91
10992,92
10993,93
10994,94
10995,95
10996,96
10997,97
10998,98
10999,99
11000,0
11001,1
11002,2
11003,3
11004,4
11005,5
11006,6
11007,7
11008,8
11009,9
11010,10
11011,11
11012,12
11013,13
11014,14
11015,15
11016,16
11017,17
11018,18
11019,19
11020,20
11021,21
11022,22
11023,23
11024,24
11025,25
11026,26
11027,27
11028,28
11029,29
11030,30
11031,31
11032,32
11033,33
11034,34
11035,35
11036,36
11037,37
11038,38
11039,39
11040,40
11041,41
11042,42
11043,43
11044,44
11045,45
11046,46
11047,47
11048,48
11049,49
11050,50
11051,51
11052,52
11053,53
11054,54
11055,55
11056,56
11057,57
11058,58
11059,59
11060,60
11061,61
11062,62
11063,63
11064,64
11065,65
11066,66
11067,67
11068,68
11069,69
11070,70
11071,71
11072,72
11073,73
11074,74
11075,75
11076,76
11077,77
11078,78
11079,79
11080,80
11081,81
11082,82
11083,83
11084,84
11085,85
11086,86
11087,87
11088,88
11089,89
11090,90
11091,91
11092,92
11093,93
11094,94
11095,95
11096,96
11097,97
11098,98
11099,99
11100,0
11101,1
11102,2
11103,3
11104,4
11105,5
11106,6
11107,7
11108,8
11109,9
11110,10
11111,11
11112,12
11113,13
11114,14
11115,15
11116,16
11117,17
11118,18
11119,19
11120,20
11121,21
11122,22
11123,23
11124,24
11125,25
11126,26
11127,27
11128,28
11129,29
11130,30
11131,31
11132,32
11133,33
11134,34
11135,35
11136,36
11137,37
11138,38
11139,39
11140,40
11141,41
11142,42
11143,43
11144,44
11145,45
11146,46
11147,47
11148,48
11149,49
11150,50
11151,51
11152,52
11153,53
11154,54
11155,55
11156,56
11157,57
11158,58
11159,59
11160,60
11161,61
11162,62
11163,63
11164,64
11165,65
11166,66
11167,67
11168,68
11169,69
11170,70
11171,71
11172,72
11173,73
11174,74
11175,75
11176,76
11177,77
11178,78
11179,79
11180,80
11181,81
11182,82
11183,83
11184,84
11185,85
11186,86
11187,87
11188,88
11189,89
11190,90
11191,91
11192,92
11193,93
11194,94
11195,95
11196,96
11197,97
11198,98
11199,99
11200,0
11201,1
11202,2
11203,3
11204,4
11205,5
11206,6
11207,7
11208,8
11209,9
11210,10
11211,11
11212,12
11213,13
11214,14
11215,15
11216,16
11217,17
11218,18
11219,19
11220,20
11221,21
11222,22
11223,23
11224,24
11225,25
11226,26
11227,27
11228,28
11229,29
11230,30
11231,31
11232,32
11233,33
11234,34
11235,35
11236,36
11237,37
11238,38
11239,39
11240,40
11241,41
11242,42
11243,43
11244,44
11245,45
11246,46
11247,47
11248,48
11249,49
11250,50
11251,51
11252,52
11253,53
11254,54
11255,55
11256,56
11257,57
11258,58
11259,59
11260,60
11261,61
11262,62
11263,63
11264,64
11265,65
11266,66
11267,67
11268,68
11269,69
11270,70
11271,71
11272,72
11273,73
11274,74
11275,75
11276,76
11277,77
11278,78
11279,79
11280,80
11281,81
11282,82
11283,83
11284,84
11285,85
11286,86
11287,87
11288,88
11289,89
11290,90
11291,91
11292,92
11293,93
11294,94
11295,95
11296,96
11297,97
11298,98
11299,99
11300,0
11301,1
11302,2
11303,3
11304,4
11305,5
11306,6
11307,7
11308,8
11309,9
11310,10
11311,11
11312,12
11313,13
11314,14
11315,15
11316,16
11317,17
11318,18
11319,19
11320,20
11321,21
11322,22
11323,23
11324,24
11325,25
11326,26
11327,27
11328,28
11329,29
11330,30
11331,31
11332,32
11333,33
11334,34
11335,35
11336,36
11337,37
11338,38
11339,39
11340,40
11341,41
11342,42
11343,43
11344,44
11345,45
11346,46
11347,47
11348,48
11349,49
11350,50
11351,51
11352,52
11353,53
11354,54
11355,55
11356,56
11357,57
11358,58
11359,59
11360,60
11361,61
11362,62
11363,63
11364,64
11365,65
11366,66
11367,67
11368,68
11369,69
11370,70
11371,71
11372,72
11373,73
11374,74
11375,75
11376,76
11377,77
11378,78
11379,79
11380,80
11381,81
11382,82
11383,83
11384,84
11385,85
11386,86
11387,87
11388,88
11389,89
11390,90
11391,91
11392,92
11393,93
11394,94
11395,95
11396,96
11397,97
11398,98
11399,99
11400,0
11401,1
11402,2
11403,3
11404,4
11405,5
11406,6
11407,7
11408,8
11409,9
11410,10
11411,11
11412,12
11413,13
11414,14
11415,15
11416,16
11417,17
11418,18
11419,19
11420,20
11421,21
11422,22
11423,23
11424,24
11425,25
11426,26
11427,27
11428,28
11429,29
11430,30
11431,31
11432,32
11433,33
11434,34
11435,35
11436,36
11437,37
11438,38
11439,39
11440,40
11441,41
11442,42
11443,43
11444,44
11445,45
11446,46
11447,47
11448,48
11449,49
11450,50
11451,51
11452,52
11453,53
11454,54
11455,55
11456,56
11457,57
11458,58
11459,59
11460,60
11461,61
11462,62
11463,63
11464,64
11465,65
11466,66
11467,67
11468,68
11469,69
11470,70
11471,71
11472,72
11473,73
11474,74
11475,75
11476,76
11477,77
11478,78
11479,79
11480,80
11481,81
11482,82
11483,83
11484,84
11485,85
11486,86
11487,87
11488,88
11489,89
11490,90
11491,91
11492,92
11493,93
11494,94
11495,95
11496,96
11497,97
11498,98
11499,99
11500,0
11501,1
11502,2
11503,3
11504,4
11505,5
11506,6
11507,7
11508,8
11509,9
11510,10
11511,11
11512,12
11513,13
11514,14
11515,15
11516,16
11517,17
11518,18
11519,19
11520,20
11521,21
11522,22
11523,23
11524,24
11525,25
11526,26
11527,27
11528,28
11529,29
11530,30
11531,31
11532,32
11533,33
11534,34
11535,35
11536,36
11537,37
11538,38
11539,39
11540,40
11541,41
11542,42
11543,43
11544,44
11545,45
11546,46
11547,47
11548,48
11549,49
11550,50
11551,51
11552,52
11553,53
11554,54
11555,55
11556,56
11557,57
11558,58
11559,59
11560,60
11561,61
11562,62
11563,63
11564,64
11565,65
11566,66
11567,67
11568,68
11569,69
11570,70
11571,71
11572,72
11573,73
11574,74
11575,75
11576,76
11577,77
11578,78
11579,79
11580,80
11581,81
11582,82
11583,83
11584,84
11585,85
11586,86
11587,87
11588,88
11589,89
11590,90
11591,91
11592,92
11593,93
11594,94
11595,95
11596,96
11597,97
11598,98
11599,99
11600,0
11601,1
11602,2
11603,3
11604,4
11605,5
11606,6
11607,7
11608,8
11609,9
11610,10
11611,11
11612,12
11613,13
11614,14
11615,15
11616,16
11617,17
11618,18
11619,19
11620,20
11621,21
11622,22
11623,23
11624,24
11625,25
11626,26
11627,27
11628,28
11629,29
11630,30
11631,31
11632,32
11633,33
11634,34
11635,35
11636,36
11637,37
11638,38
11639,39
11640,40
11641,41
11642,42
11643,43
11644,44
11645,45
11646,46
11647,47
11648,48
11649,49
11650,50
11651,51
11652,52
11653,53
11654,54
11655,55
11656,56
11657,57
11658,58
11659,59
11660,60
11661,61
11662,62
11663,63
11664,64
11665,65
11666,66
11667,67
11668,68
11669,69
11670,70
11671,71
11672,72
11673,73
11674,74
11675,75
11676,76
11677,77
11678,78
11679,79
11680,80
11681,81
11682,82
11683,83
11684,84
11685,85
11686,86
11687,87
11688,88
11689,89
11690,90
11691,91
11692,92
11693,93
11694,94
11695,95
11696,96
11697,97
11698,98
11699,99
11700,0
11701,1
11702,2
11703,3
11704,4
11705,5
11706,6
11707,7
11708,8
11709,9
11710,10
11711,11
11712,12
11713,13
11714,14
11715,15
11716,16
11717,17
11718,18
11719,19
11720,20
11721,21
11722,22
11723,23
11724,24
11725,25
11726,26
11727,27
11728,28
11729,29
11730,30
11731,31
11732,32
11733,33
11734,34
11735,35
11736,36
11737,37
11738,38
11739,39
11740,40
11741,41
11742,42
11743,43
11744,44
11745,45
11746,46
11747,47
11748,48
11749,49
11750,50
11751,51
11752,52
11753,53
11754,54
11755,55
11756,56
11757,57
11758,58
11759,59
11760,60
11761,61
11762,62
11763,63
11764,64
11765,65
11766,66
11767,67
11768,68
11769,69
11770,70
11771,71
11772,72
11773,73
11774,74
11775,75
11776,76
11777,77
11778,78
11779,79
11780,80
11781,81
11782,82
11783,83
11784,84
11785,85
11786,86
11787,87
11788,88
11789,89
11790,90
11791,91
11792,92
11793,93
11794,94
11795,95
11796,96
11797,97
11798,98
11799,99
11800,0
11801,1
11802,2
11803,3
11804,4
11805,5
11806,6
11807,7
11808,8
11809,9
11810,10
11811,11
11812,12
11813,13
11814,14
11815,15
11816,16
11817,17
11818,18
11819,19
11820,20
11821,21
11822,22
11823,23
11824,24
11825,25
11826,26
11827,27
11828,28
11829,29
11830,30
11831,31
11832,32
11833,33
11834,34
11835,35
11836,36
11837,37
11838,38
11839,39
11840,40
11841,41
11842,42
11843,43
11844,44
11845,45
11846,46
11847,47
11848,48
11849,49
11850,50
11851,51
11852,52
11853,53
11854,54
11855,55
11856,56
11857,57
11858,58
11859,59
11860,60
11861,61
11862,62
11863,63
11864,64
11865,65
11866,66
11867,67
11868,68
11869,69
11870,70
11871,71
11872,72
11873,73
11874,74
11875,75
11876,76
11877,77
11878,78
11879,79
11880,80
11881,81
11882,82
11883,83
11884,84
11885,85
11886,86
11887,87
11888,88
11889,89
11890,90
11891,91
11892,92
11893,93
11894,94
11895,95
11896,96
11897,97
11898,98
11899,99
11900,0
11901,1
11902,2
11903,3
11904,4
11905,5
11906,6
11907,7
11908,8
11909,9
11910,10
11911,11
11912,12
11913,13
11914,14
11915,15
11916,16
11917,17
11918,18
11919,19
11920,20
11921,21
11922,22
11923,23
11924,24
11925,25
11926,26
11927,27
11928,28
11929,29
11930,30
11931,31
11932,32
11933,33
11934,34
11935,35
11936,36
11937,37
11938,38
11939,39
11940,40
11941,41
11942,42
11943,43
11944,44
11945,45
11946,46
11947,47
11948,48
11949,49
11950,50
11951,51
11952,52
11953,53
11954,54
11955,55
11956,56
11957,57
11958,58
11959,59
11960,60
11961,61
11962,62
11963,63
11964,64
11965,65
11966,66
11967,67
11968,68
11969,69
11970,70
11971,71
11972,72
11973,73
11974,74
11975,75
11976,76
11977,77
11978,78
11979,79
11980,80
11981,81
11982,82
11983,83
11984,84
11985,85
11986,86
11987,87
11988,88
11989,89
11990,90
11991,91
11992,92
11993,93
11994,94
11995,95
11996,96
11997,97
11998,98
11999,99
12000,0
12001,1
12002,2
12003,3
12004,4
12005,5
12006,6
12007,7
12008,8
12009,9
12010,10
12011,11
12012,12
12013,13
12014,14
12015,15
12016,16
12017,17
12018,18
12019,19
12020,20
12021,21
12022,22
12023,23
12024,24
12025,25
12026,26
12027,27
12028,28
12029,29
12030,30
12031,31
12032,32
12033,33
12034,34
12035,35
12036,36
12037,37
12038,38
12039,39
12040,40
12041,41
12042,42
12043,43
12044,44
12045,45
12046,46
12047,47
12048,48
12049,49
12050,50
12051,51
12052,52
12053,53
12054,54
12055,55
12056,56
12057,57
12058,58
12059,59
12060,60
12061,61
12062,62
12063,63
12064,64
12065,65
12066,66
12067,67
12068,68
12069,69
12070,70
12071,71
12072,72
12073,73
12074,74
12075,75
12076,76
12077,77
12078,78
12079,79
12080,80
12081,81
12082,82
12083,83
12084,84
12085,85
12086,86
12087,87
12088,88
12089,89
12090,90
12091,91
12092,92
12093,93
12094,94
12095,95
12096,96
12097,97
12098,98
12099,99
12100,0
12101,1
12102,2
12103,3
12104,4
12105,5
12106,6
12107,7
12108,8
12109,9
12110,10
12111,11
12112,12
12113,13
12114,14
12115,15
12116,16
12117,17
12118,18
12119,19
12120,20
12121,21
12122,22
12123,23
12124,24
12125,25
12126,26
12127,27
12128,28
12129,29
12130,30
12131,31
12132,32
12133,33
12134,34
12135,35
12136,36
12137,37
12138,38
12139,39
12140,40
12141,41
12142,42
12143,43
12144,44
12145,45
12146,46
12147,47
12148,48
12149,49
12150,50
12151,51
12152,52
12153,53
12154,54
12155,55
12156,56
12157,57
12158,58
12159,59
12160,60
12161,61
12162,62
12163,63
12164,64
12165,65
12166,66
12167,67
12168,68
12169,69
12170,70
12171,71
12172,72
12173,73
12174,74
12175,75
12176,76
12177,77
12178,78
12179,79
12180,80
12181,81
12182,82
12183,83
12184,84
12185,85
12186,86
12187,87
12188,88
12189,89
12190,90
12191,91
12192,92
12193,93
12194,94
12195,95
12196,96
12197,97
12198,98
12199,99
12200,0
12201,1
12202,2
12203,3
12204,4
12205,5
12206,6
12207,7
12208,8
12209,9
12210,10
12211,11
12212,12
12213,13
12214,14
12215,15
12216,16
12217,17
12218,18
12219,19
12220,20
12221,21
12222,22
12223,23
12224,24
12225,25
12226,26
12227,27
12228,28
12229,29
12230,30
12231,31
12232,32
12233,33
12234,34
12235,35
12236,36
12237,37
12238,38
12239,39
12240,40
12241,41
12242,42
12243,43
12244,44
12245,45
12246,46
12247,47
12248,48
12249,49
12250,50
12251,51
12252,52
12253,53
12254,54
12255,55
12256,56
12257,57
12258,58
12259,59
12260,60
12261,61
12262,62
12263,63
12264,64
12265,65
12266,66
12267,67
12268,68
12269,69
12270,70
12271,71
12272,72
12273,73
12274,74
12275,75
12276,76
12277,77
12278,78
12279,79
12280,80
12281,81
12282,82
12283,83
12284,84
12285,85
12286,86
12287,87
12288,88
12289,89
12290,90
12291,91
12292,92
12293,93
12294,94
12295,95
12296,96
12297,97
12298,98
12299,99
12300,0
12301,1
12302,2
12303,3
12304,4
12305,5
12306,6
12307,7
12308,8
12309,9
12310,10
12311,11
12312,12
12313,13
12314,14
12315,15
12316,16
12317,17
12318,18
12319,19
12320,20
12321,21
12322,22
12323,23
12324,24
12325,25
12326,26
12327,27
12328,28
12329,29
12330,30
12331,31
12332,32
12333,33
12334,34
12335,35
12336,36
12337,37
12338,38
12339,39
12340,40
12341,41
12342,42
12343,43
12344,44
12345,45
12346,46
12347,47
12348,48
12349,49
12350,50
12351,51
12352,52
12353,53
12354,54
12355,55
12356,56
12357,57
12358,58
12359,59
12360,60
12361,61
12362,62
12363,63
12364,64
12365,65
12366,66
12367,67
12368,68
12369,69
12370,70
12371,71
12372,72
12373,73
12374,74
12375,75
12376,76
12377,77
12378,78
12379,79
12380,80
12381,81
12382,82
12383,83
12384,84
12385,85
12386,86
12387,87
12388,88
12389,89
12390,90
12391,91
12392,92
12393,93
12394,94
12395,95
12396,96
12397,97
12398,98
12399,99
12400,0
12401,1
12402,2
12403,3
12404,4
12405,5
12406,6
12407,7
12408,8
12409,9
12410,10
12411,11
12412,12
12413,13
12414,14
12415,15
12416,16
12417,17
12418,18
12419,19
12420,20
12421,21
12422,22
12423,23
12424,24
12425,25
12426,26
12427,27
12428,28
12429,29
12430,30
12431,31
12432,32
12433,33
12434,34
12435,35
12436,36
12437,37
12438,38
12439,39
12440,40
12441,41
12442,42
12443,43
12444,44
12445,45
12446,46
12447,47
12448,48
12449,49
12450,50
12451,51
12452,52
12453,53
12454,54
12455,55
12456,56
12457,57
12458,58
12459,59
12460,60
12461,61
12462,62
12463,63
12464,64
12465,65
12466,66
12467,67
12468,68
12469,69
12470,70
12471,71
12472,72
12473,73
12474,74
12475,75
12476,76
12477,77
12478,78
12479,79
12480,80
12481,81
12482,82
12483,83
12484,84
12485,85
12486,86
12487,87
12488,88
12489,89
12490,90
12491,91
12492,92
12493,93
12494,94
12495,95
12496,96
12497,97
12498,98
12499,99
12500,0
12501,1
12502,2
12503,3
12504,4
12505,5
12506,6
12507,7
12508,8
12509,9
12510,10
12511,11
12512,12
12513,13
12514,14
12515,15
12516,16
12517,17
12518,18
12519,19
12520,20
12521,21
12522,22
12523,23
12524,24
12525,25
12526,26
12527,27
12528,28
12529,29
12530,30
12531,31
12532,32
12533,33
12534,34
12535,35
12536,36
12537,37
12538,38
12539,39
12540,40
12541,41
12542,42
12543,43
12544,44
12545,45
12546,46
12547,47
12548,48
12549,49
12550,50
12551,51
12552,52
12553,53
12554,54
12555,55
12556,56
12557,57
12558,58
12559,59
12560,60
12561,61
12562,62
12563,63
12564,64
12565,65
12566,66
12567,67
12568,68
12569,69
12570,70
12571,71
12572,72
12573,73
12574,74
12575,75
12576,76
12577,77
12578,78
12579,79
12580,80
12581,81
12582,82
12583,83
12584,84
12585,85
12586,86
12587,87
12588,88
12589,89
12590,90
12591,91
12592,92
12593,93
12594,94
12595,95
12596,96
12597,97
12598,98
12599,99
12600,0
12601,1
12602,2
12603,3
12604,4
12605,5
12606,6
12607,7
12608,8
12609,9
12610,10
12611,11
12612,12
12613,13
12614,14
12615,15
12616,16
12617,17
12618,18
12619,19
12620,20
12621,21
12622,22
12623,23
12624,24
12625,25
12626,26
12627,27
12628,28
12629,29
12630,30
12631,31
12632,32
12633,33
12634,34
12635,35
12636,36
12637,37
12638,38
12639,39
12640,40
12641,41
12642,42
12643,43
12644,44
12645,45
12646,46
12647,47
12648,48
12649,49
12650,50
12651,51
12652,52
12653,53
12654,54
12655,55
12656,56
12657,57
12658,58
12659,59
12660,60
12661,61
12662,62
12663,63
12664,64
12665,65
12666,66
12667,67
12668,68
12669,69
12670,70
12671,71
12672,72
12673,73
12674,74
12675,75
12676,76
12677,77
12678,78
12679,79
12680,80
12681,81
12682,82
12683,83
12684,84
12685,85
12686,86
12687,87
12688,88
12689,89
12690,90
12691,91
12692,92
12693,93
12694,94
12695,95
12696,96
12697,97
12698,98
12699,99
12700,0
12701,1
12702,2
12703,3
12704,4
12705,5
12706,6
12707,7
12708,8
12709,9
12710,10
12711,11
12712,12
12713,13
12714,14
12715,15
12716,16
12717,17
12718,18
12719,19
12720,20
12721,21
12722,22
12723,23
12724,24
12725,25
12726,26
12727,27
12728,28
12729,29
12730,30
12731,31
12732,32
12733,33
12734,34
12735,35
12736,36
12737,37
12738,38
12739,39
12740,40
12741,41
12742,42
12743,43
12744,44
12745,45
12746,46
12747,47
12748,48
12749,49
12750,50
12751,51
12752,52
12753,53
12754,54
12755,55
12756,56
12757,57
12758,58
12759,59
12760,60
12761,61
12762,62
12763,63
12764,64
12765,65
12766,66
12767,67
12768,68
12769,69
12770,70
12771,71
12772,72
12773,73
12774,74
12775,75
12776,76
12777,77
12778,78
12779,79
12780,80
12781,81
12782,82
12783,83
12784,84
12785,85
12786,86
12787,87
12788,88
12789,89
12790,90
12791,91
12792,92
12793,93
12794,94
12795,95
12796,96
12797,97
12798,98
12799,99
12800,0
12801,1
12802,2
12803,3
12804,4
12805,5
12806,6
12807,7
12808,8
12809,9
12810,10
12811,11
12812,12
12813,13
12814,14
12815,15
12816,16
12817,17
12818,18
12819,19
12820,20
12821,21
12822,22
12823,23
12824,24
12825,25
12826,26
12827,27
12828,28
12829,29
12830,30
12831,31
12832,32
12833,33
12834,34
12835,35
12836,36
12837,37
12838,38
12839,39
12840,40
12841,41
12842,42
12843,43
12844,44
12845,45
12846,46
12847,47
12848,48
12849,49
12850,50
12851,51
12852,52
12853,53
12854,54
12855,55
12856,56
12857,57
12858,58
12859,59
12860,60
12861,61
12862,62
12863,63
12864,64
12865,65
12866,66
12867,67
12868,68
12869,69
12870,70
12871,71
12872,72
12873,73
12874,74
12875,75
12876,76
12877,77
12878,78
12879,79
12880,80
12881,81
12882,82
12883,83
12884,84
12885,85
12886,86
12887,87
12888,88
12889,89
12890,90
12891,91
12892,92
12893,93
12894,94
12895,95
12896,96
12897,97
12898,98
12899,99
12900,0
12901,1
12902,2
12903,3
12904,4
12905,5
12906,6
12907,7
12908,8
12909,9
12910,10
12911,11
12912,12
12913,13
12914,14
12915,15
12916,16
12917,17
12918,18
12919,19
12920,20
12921,21
12922,22
12923,23
12924,24
12925,25
12926,26
12927,27
12928,28
12929,29
12930,30
12931,31
12932,32
12933,33
12934,34
12935,35
12936,36
12937,37
12938,38
12939,39
12940,40
12941,41
12942,42
12943,43
12944,44
12945,45
12946,46
12947,47
12948,48
12949,49
12950,50
12951,51
12952,52
12953,53
12954,54
12955,55
12956,56
12957,57
12958,58
12959,59
12960,60
12961,61
12962,62
12963,63
12964,64
12965,65
12966,66
12967,67
12968,68
12969,69
12970,70
12971,71
12972,72
12973,73
12974,74
12975,75
12976,76
12977,77
12978,78
12979,79
12980,80
12981,81
12982,82
12983,83
12984,84
12985,85
12986,86
12987,87
12988,88
12989,89
12990,90
12991,91
12992,92
12993,93
12994,94
12995,95
12996,96
12997,97
12998,98
12999,99
13000,0
13001,1
13002,2
13003,3
13004,4
13005,5
13006,6
13007,7
13008,8
13009,9
13010,10
13011,11
13012,12
13013,13
13014,14
13015,15
13016,16
13017,17
13018,18
13019,19
13020,20
13021,21
13022,22
13023,23
13024,24
13025,25
13026,26
13027,27
13028,28
13029,29
13030,30
13031,31
13032,32
13033,33
13034,34
13035,35
13036,36
13037,37
13038,38
13039,39
13040,40
13041,41
13042,42
13043,43
13044,44
13045,45
13046,46
13047,47
13048,48
13049,49
13050,50
13051,51
13052,52
13053,53
13054,54
13055,55
13056,56
13057,57
13058,58
13059,59
13060,60
13061,61
13062,62
13063,63
13064,64
13065,65
13066,66
13067,67
13068,68
13069,69
13070,70
13071,71
13072,72
13073,73
13074,74
13075,75
13076,76
13077,77
13078,78
13079,79
13080,80
13081,81
13082,82
13083,83
13084,84
13085,85
13086,86
13087,87
13088,88
13089,89
13090,90
13091,91
13092,92
13093,93
13094,94
13095,95
13096,96
13097,97
13098,98
13099,99
13100,0
13101,1
13102,2
13103,3
13104,4
13105,5
13106,6
13107,7
13108,8
13109,9
13110,10
13111,11
13112,12
13113,13
13114,14
13115,15
13116,16
13117,17
13118,18
13119,19
13120,20
13121,21
13122,22
13123,23
13124,24
13125,25
13126,26
13127,27
13128,28
13129,29
13130,30
13131,31
13132,32
13133,33
13134,34
13135,35
13136,36
13137,37
13138,38
13139,39
13140,40
13141,41
13142,42
13143,43
13144,44
13145,45
13146,46
13147,47
13148,48
13149,49
13150,50
13151,51
13152,52
13153,53
13154,54
13155,55
13156,56
13157,57
13158,58
13159,59
13160,60
13161,61
13162,62
13163,63
13164,64
13165,65
13166,66
13167,67
13168,68
13169,69
13170,70
13171,71
13172,72
13173,73
13174,74
13175,75
13176,76
13177,77
13178,78
13179,79
13180,80
13181,81
13182,82
13183,83
13184,84
13185,85
13186,86
13187,87
13188,88
13189,89
13190,90
13191,91
13192,92
13193,93
13194,94
13195,95
13196,96
13197,97
13198,98
13199,99
13200,0
13201,1
13202,2
13203,3
13204,4
13205,5
13206,6
13207,7
13208,8
13209,9
13210,10
13211,11
13212,12
13213,13
13214,14
13215,15
13216,16
13217,17
13218,18
13219,19
13220,20
13221,21
13222,22
13223,23
13224,24
13225,25
13226,26
13227,27
13228,28
13229,29
13230,30
13231,31
13232,32
13233,33
13234,34
13235,35
13236,36
13237,37
13238,38
13239,39
13240,40
13241,41
13242,42
13243,43
13244,44
13245,45
13246,46
13247,47
13248,48
13249,49
13250,50
13251,51
13252,52
13253,53
13254,54
13255,55
13256,56
13257,57
13258,58
13259,59
13260,60
13261,61
13262,62
13263,63
13264,64
13265,65
13266,66
13267,67
13268,68
13269,69
13270,70
13271,71
13272,72
13273,73
13274,74
13275,75
13276,76
13277,77
13278,78
13279,79
13280,80
13281,81
13282,82
13283,83
13284,84
13285,85
13286,86
13287,87
13288,88
13289,89
13290,90
13291,91
13292,92
13293,93
13294,94
13295,95
13296,96
13297,97
13298,98
13299,99
13300,0
13301,1
13302,2
13303,3
13304,4
13305,5
13306,6
13307,7
13308,8
13309,9
13310,10
13311,11
13312,12
13313,13
13314,14
13315,15
13316,16
13317,17
13318,18
13319,19
13320,20
13321,21
13322,22
13323,23
13324,24
13325,25
13326,26
13327,27
13328,28
13329,29
13330,30
13331,31
13332,32
13333,33
13334,34
13335,35
13336,36
13337,37
13338,38
13339,39
13340,40
13341,41
13342,42
13343,43
13344,44
13345,45
13346,46
13347,47
13348,48
13349,49
13350,50
13351,51
13352,52
13353,53
13354,54
13355,55
13356,56
13357,57
13358,58
13359,59
13360,60
13361,61
13362,62
13363,63
13364,64
13365,65
13366,66
13367,67
13368,68
13369,69
13370,70
13371,71
13372,72
13373,73
13374,74
13375,75
13376,76
13377,77
13378,78
13379,79
13380,80
13381,81
13382,82
13383,83
13384,84
13385,85
13386,86
13387,87
13388,88
13389,89
13390,90
13391,91
13392,92
13393,93
13394,94
13395,95
13396,96
13397,97
13398,98
13399,99
13400,0
13401,1
13402,2
13403,3
13404,4
13405,5
13406,6
13407,7
13408,8
13409,9
13410,10
13411,11
13412,12
13413,13
13414,14
13415,15
13416,16
13417,17
13418,18
13419,19
13420,20
13421,21
13422,22
13423,23
13424,24
13425,25
13426,26
13427,27
13428,28
13429,29
13430,30
13431,31
13432,32
13433,33
13434,34
13435,35
13436,36
13437,37
13438,38
13439,39
13440,40
13441,41
13442,42
13443,43
13444,44
13445,45
13446,46
13447,47
13448,48
13449,49
13450,50
13451,51
13452,52
13453,53
13454,54
13455,55
13456,56
13457,57
13458,58
13459,59
13460,60
13461,61
13462,62
13463,63
13464,64
13465,65
13466,66
13467,67
13468,68
13469,69
13470,70
13471,71
13472,72
13473,73
13474,74
13475,75
13476,76
13477,77
13478,78
13479,79
13480,80
13481,81
13482,82
13483,83
13484,84
13485,85
13486,86
13487,87
13488,88
13489,89
13490,90
13491,91
13492,92
13493,93
13494,94
13495,95
13496,96
13497,97
13498,98
13499,99
13500,0
13501,1
13502,2
13503,3
13504,4
13505,5
13506,6
13507,7
13508,8
13509,9
13510,10
13511,11
13512,12
13513,13
13514,14
13515,15
13516,16
13517,17
13518,18
13519,19
13520,20
13521,21
13522,22
13523,23
13524,24
13525,25
13526,26
13527,27
13528,28
13529,29
13530,30
13531,31
13532,32
13533,33
13534,34
13535,35
13536,36
13537,37
13538,38
13539,39
13540,40
13541,41
13542,42
13543,43
13544,44
13545,45
13546,46
13547,47
13548,48
13549,49
13550,50
13551,51
13552,52
13553,53
13554,54
13555,55
13556,56
13557,57
13558,58
13559,59
13560,60
13561,61
13562,62
13563,63
13564,64
13565,65
13566,66
13567,67
13568,68
13569,69
13570,70
13571,71
13572,72
13573,73
13574,74
13575,75
13576,76
13577,77
13578,78
13579,79
13580,80
13581,81
13582,82
13583,83
13584,84
13585,85
13586,86
13587,87
13588,88
13589,89
13590,90
13591,91
13592,92
13593,93
13594,94
13595,95
13596,96
13597,97
13598,98
13599,99
13600,0
13601,1
13602,2
13603,3
13604,4
13605,5
13606,6
13607,7
13608,8
13609,9
13610,10
13611,11
13612,12
13613,13
13614,14
13615,15
13616,16
13617,17
13618,18
13619,19
13620,20
13621,21
13622,22
13623,23
13624,24
13625,25
13626,26
13627,27
13628,28
13629,29
13630,30
13631,31
13632,32
13633,33
13634,34
13635,35
13636,36
13637,37
13638,38
13639,39
13640,40
13641,41
13642,42
13643,43
13644,44
13645,45
13646,46
13647,47
13648,48
13649,49
13650,50
13651,51
13652,52
13653,53
13654,54
13655,55
13656,56
13657,57
13658,58
13659,59
13660,60
13661,61
13662,62
13663,63
13664,64
13665,65
13666,66
13667,67
13668,68
13669,69
13670,70
13671,71
13672,72
13673,73
13674,74
13675,75
13676,76
13677,77
13678,78
13679,79
13680,80
13681,81
13682,82
13683,83
13684,84
13685,85
13686,86
13687,87
13688,88
13689,89
13690,90
13691,91
13692,92
13693,93
13694,94
13695,95
13696,96
13697,97
13698,98
13699,99
13700,0
13701,1
13702,2
13703,3
13704,4
13705,5
13706,6
13707,7
13708,8
13709,9
13710,10
13711,11
13712,12
13713,13
13714,14
13715,15
13716,16
13717,17
13718,18
13719,19
13720,20
13721,21
13722,22
13723,23
13724,24
13725,25
13726,26
13727,27
13728,28
13729,29
13730,30
13731,31
13732,32
13733,33
13734,34
13735,35
13736,36
13737,37
13738,38
13739,39
13740,40
13741,41
13742,42
13743,43
13744,44
13745,45
13746,46
13747,47
13748,48
13749,49
13750,50
13751,51
13752,52
13753,53
13754,54
13755,55
13756,56
13757,57
13758,58
13759,59
13760,60
13761,61
13762,62
13763,63
13764,64
13765,65
13766,66
13767,67
13768,68
13769,69
13770,70
13771,71
13772,72
13773,73
13774,74
13775,75
13776,76
13777,77
13778,78
13779,79
13780,80
13781,81
13782,82
13783,83
13784,84
13785,85
13786,86
13787,87
13788,88
13789,89
13790,90
13791,91
13792,92
13793,93
13794,94
13795,95
13796,96
13797,97
13798,98
13799,99
13800,0
13801,1
13802,2
13803,3
13804,4
13805,5
13806,6
13807,7
13808,8
13809,9
13810,10
13811,11
13812,12
13813,13
13814,14
13815,15
13816,16
13817,17
13818,18
13819,19
13820,20
13821,21
13822,22
13823,23
13824,24
13825,25
13826,26
13827,27
13828,28
13829,29
13830,30
13831,31
13832,32
13833,33
13834,34
13835,35
13836,36
13837,37
13838,38
13839,39
13840,40
13841,41
13842,42
13843,43
13844,44
13845,45
13846,46
13847,47
13848,48
13849,49
13850,50
13851,51
13852,52
13853,53
13854,54
13855,55
13856,56
13857,57
13858,58
13859,59
13860,60
13861,61
13862,62
13863,63
13864,64
13865,65
13866,66
13867,67
13868,68
13869,69
13870,70
13871,71
13872,72
13873,73
13874,74
13875,75
13876,76
13877,77
13878,78
13879,79
13880,80
13881,81
13882,82
13883,83
13884,84
13885,85
13886,86
13887,87
13888,88
13889,89
13890,90
13891,91
13892,92
13893,93
13894,94
13895,95
13896,96
13897,97
13898,98
13899,99
13900,0
13901,1
13902,2
13903,3
13904,4
13905,5
13906,6
13907,7
13908,8
13909,9
13910,10
13911,11
13912,12
13913,13
13914,14
13915,15
13916,16
13917,17
13918,18
13919,19
13920,20
13921,21
13922,22
13923,23
13924,24
13925,25
13926,26
13927,27
13928,28
13929,29
13930,30
13931,31
13932,32
13933,33
13934,34
13935,35
13936,36
13937,37
13938,38
13939,39
13940,40
13941,41
13942,42
13943,43
13944,44
13945,45
13946,46
13947,47
13948,48
13949,49
13950,50
13951,51
13952,52
13953,53
13954,54
13955,55
13956,56
13957,57
13958,58
13959,59
13960,60
13961,61
13962,62
13963,63
13964,64
13965,65
13966,66
13967,67
13968,68
13969,69
13970,70
13971,71
13972,72
13973,73
13974,74
13975,75
13976,76
13977,77
13978,78
13979,79
13980,80
13981,81
13982,82
13983,83
13984,84
13985,85
13986,86
13987,87
13988,88
13989,89
13990,90
13991,91
13992,92
13993,93
13994,94
13995,95
13996,96
13997,97
13998,98
13999,99
14000,0
14001,1
14002,2
14003,3
14004,4
14005,5
14006,6
14007,7
14008,8
14009,9
14010,10
14011,11
14012,12
14013,13
14014,14
14015,15
14016,16
14017,17
14018,18
14019,19
14020,20
14021,21
14022,22
14023,23
14024,24
14025,25
14026,26
14027,27
14028,28
14029,29
14030,30
14031,31
14032,32
14033,33
14034,34
14035,35
14036,36
14037,37
14038,38
14039,39
14040,40
14041,41
14042,42
14043,43
14044,44
14045,45
14046,46
14047,47
14048,48
14049,49
14050,50
14051,51
14052,52
14053,53
14054,54
14055,55
14056,56
14057,57
14058,58
14059,59
14060,60
14061,61
14062,62
14063,63
14064,64
14065,65
14066,66
14067,67
14068,68
14069,69
14070,70
14071,71
14072,72
14073,73
14074,74
14075,75
14076,76
14077,77
14078,78
14079,79
14080,80
14081,81
14082,82
14083,83
14084,84
14085,85
14086,86
14087,87
14088,88
14089,89
14090,90
14091,91
14092,92
14093,93
14094,94
14095,95
14096,96
14097,97
14098,98
14099,99
14100,0
14101,1
14102,2
14103,3
14104,4
14105,5
14106,6
14107,7
14108,8
14109,9
14110,10
14111,11
14112,12
14113,13
14114,14
14115,15
14116,16
14117,17
14118,18
14119,19
14120,20
14121,21
14122,22
14123,23
14124,24
14125,25
14126,26
14127,27
14128,28
14129,29
14130,30
14131,31
14132,32
14133,33
14134,34
14135,35
14136,36
14137,37
14138,38
14139,39
14140,40
14141,41
14142,42
14143,43
14144,44
14145,45
14146,46
14147,47
14148,48
14149,49
14150,50
14151,51
14152,52
14153,53
14154,54
14155,55
14156,56
14157,57
14158,58
14159,59
14160,60
14161,61
14162,62
14163,63
14164,64
14165,65
14166,66
14167,67
14168,68
14169,69
14170,70
14171,71
14172,72
14173,73
14174,74
14175,75
14176,76
14177,77
14178,78
14179,79
14180,80
14181,81
14182,82
14183,83
14184,84
14185,85
14186,86
14187,87
14188,88
14189,89
14190,90
14191,91
14192,92
14193,93
14194,94
14195,95
14196,96
14197,97
14198,98
14199,99
14200,0
14201,1
14202,2
14203,3
14204,4
14205,5
14206,6
14207,7
14208,8
14209,9
14210,10
14211,11
14212,12
14213,13
14214,14
14215,15
14216,16
14217,17
14218,18
14219,19
14220,20
14221,21
14222,22
14223,23
14224,24
14225,25
14226,26
14227,27
14228,28
14229,29
14230,30
14231,31
14232,32
14233,33
14234,34
14235,35
14236,36
14237,37
14238,38
14239,39
14240,40
14241,41
14242,42
14243,43
14244,44
14245,45
14246,46
14247,47
14248,48
14249,49
14250,50
14251,51
14252,52
14253,53
14254,54
14255,55
14256,56
14257,57
14258,58
14259,59
14260,60
14261,61
14262,62
14263,63
14264,64
14265,65
14266,66
14267,67
14268,68
14269,69
14270,70
14271,71
14272,72
14273,73
14274,74
14275,75
14276,76
14277,77
14278,78
14279,79
14280,80
14281,81
14282,82
14283,83
14284,84
14285,85
14286,86
14287,87
14288,88
14289,89
14290,90
14291,91
14292,92
14293,93
14294,94
14295,95
14296,96
14297,97
14298,98
14299,99
14300,0
14301,1
14302,2
14303,3
14304,4
14305,5
14306,6
14307,7
14308,8
14309,9
14310,10
14311,11
14312,12
14313,13
14314,14
14315,15
14316,16
14317,17
14318,18
14319,19
14320,20
14321,21
14322,22
14323,23
14324,24
14325,25
14326,26
14327,27
14328,28
14329,29
14330,30
14331,31
14332,32
14333,33
14334,34
14335,35
14336,36
14337,37
14338,38
14339,39
14340,40
14341,41
14342,42
14343,43
14344,44
14345,45
14346,46
14347,47
14348,48
14349,49
14350,50
14351,51
14352,52
14353,53
14354,54
14355,55
14356,56
14357,57
14358,58
14359,59
14360,60
14361,61
14362,62
14363,63
14364,64
14365,65
14366,66
14367,67
14368,68
14369,69
14370,70
14371,71
14372,72
14373,73
14374,74
14375,75
14376,76
14377,77
14378,78
14379,79
14380,80
14381,81
14382,82
14383,83
14384,84
14385,85
14386,86
14387,87
14388,88
14389,89
14390,90
14391,91
14392,92
14393,93
14394,94
14395,95
14396,96
14397,97
14398,98
14399,99
14400,0
14401,1
14402,2
14403,3
14404,4
14405,5
14406,6
14407,7
14408,8
14409,9
14410,10
14411,11
14412,12
14413,13
14414,14
14415,15
14416,16
14417,17
14418,18
14419,19
14420,20
14421,21
14422,22
14423,23
14424,24
14425,25
14426,26
14427,27
14428,28
14429,29
14430,30
14431,31
14432,32
14433,33
14434,34
14435,35
14436,36
14437,37
14438,38
14439,39
14440,40
14441,41
14442,42
14443,43
14444,44
14445,45
14446,46
14447,47
14448,48
14449,49
14450,50
14451,51
14452,52
14453,53
14454,54
14455,55
14456,56
14457,57
14458,58
14459,59
14460,60
14461,61
14462,62
14463,63
14464,64
14465,65
14466,66
14467,67
14468,68
14469,69
14470,70
14471,71
14472,72
14473,73
14474,74
14475,75
14476,76
14477,77
14478,78
14479,79
14480,80
14481,81
14482,82
14483,83
14484,84
14485,85
14486,86
14487,87
14488,88
14489,89
14490,90
14491,91
14492,92
14493,93
14494,94
14495,95
14496,96
14497,97
14498,98
14499,99
14500,0
14501,1
14502,2
14503,3
14504,4
14505,5
14506,6
14507,7
14508,8
14509,9
14510,10
14511,11
14512,12
14513,13
14514,14
14515,15
14516,16
14517,17
14518,18
14519,19
14520,20
14521,21
14522,22
14523,23
14524,24
14525,25
14526,26
14527,27
14528,28
14529,29
14530,30
14531,31
14532,32
14533,33
14534,34
14535,35
14536,36
14537,37
14538,38
14539,39
14540,40
14541,41
14542,42
14543,43
14544,44
14545,45
14546,46
14547,47
14548,48
14549,49
14550,50
14551,51
14552,52
14553,53
14554,54
14555,55
14556,56
14557,57
14558,58
14559,59
14560,60
14561,61
14562,62
14563,63
14564,64
14565,65
14566,66
14567,67
14568,68
14569,69
14570,70
14571,71
14572,72
14573,73
14574,74
14575,75
14576,76
14577,77
14578,78
14579,79
14580,80
14581,81
14582,82
14583,83
14584,84
14585,85
14586,86
14587,87
14588,88
14589,89
14590,90
14591,91
14592,92
14593,93
14594,94
14595,95
14596,96
14597,97
14598,98
14599,99
14600,0
14601,1
14602,2
14603,3
14604,4
14605,5
14606,6
14607,7
14608,8
14609,9
14610,10
14611,11
14612,12
14613,13
14614,14
14615,15
14616,16
14617,17
14618,18
14619,19
14620,20
14621,21
14622,22
14623,23
14624,24
14625,25
14626,26
14627,27
14628,28
14629,29
14630,30
14631,31
14632,32
14633,33
14634,34
14635,35
14636,36
14637,37
14638,38
14639,39
14640,40
14641,41
14642,42
14643,43
14644,44
14645,45
14646,46
14647,47
14648,48
14649,49
14650,50
14651,51
14652,52
14653,53
14654,54
14655,55
14656,56
14657,57
14658,58
14659,59
14660,60
14661,61
14662,62
14663,63
14664,64
14665,65
14666,66
14667,67
14668,68
14669,69
14670,70
14671,71
14672,72
14673,73
14674,74
14675,75
14676,76
14677,77
14678,78
14679,79
14680,80
14681,81
14682,82
14683,83
14684,84
14685,85
14686,86
14687,87
14688,88
14689,89
14690,90
14691,91
14692,92
14693,93
14694,94
14695,95
14696,96
14697,97
14698,98
14699,99
14700,0
14701,1
14702,2
14703,3
14704,4
14705,5
14706,6
14707,7
14708,8
14709,9
14710,10
14711,11
14712,12
14713,13
14714,14
14715,15
14716,16
14717,17
14718,18
14719,19
14720,20
14721,21
14722,22
14723,23
14724,24
14725,25
14726,26
14727,27
14728,28
14729,29
14730,30
14731,31
14732,32
14733,33
14734,34
14735,35
14736,36
14737,37
14738,38
14739,39
14740,40
14741,41
14742,42
14743,43
14744,44
14745,45
14746,46
14747,47
14748,48
14749,49
14750,50
14751,51
14752,52
14753,53
14754,54
14755,55
14756,56
14757,57
14758,58
14759,59
14760,60
14761,61
14762,62
14763,63
14764,64
14765,65
14766,66
14767,67
14768,68
14769,69
14770,70
14771,71
14772,72
14773,73
14774,74
14775,75
14776,76
14777,77
14778,78
14779,79
14780,80
14781,81
14782,82
14783,83
14784,84
14785,85
14786,86
14787,87
14788,88
14789,89
14790,90
14791,91
14792,92
14793,93
14794,94
14795,95
14796,96
14797,97
14798,98
14799,99
14800,0
14801,1
14802,2
14803,3
14804,4
14805,5
14806,6
14807,7
14808,8
14809,9
14810,10
14811,11
14812,12
14813,13
14814,14
14815,15
14816,16
14817,17
14818,18
14819,19
14820,20
14821,21
14822,22
14823,23
14824,24
14825,25
14826,26
14827,27
14828,28
14829,29
14830,30
14831,31
14832,32
14833,33
14834,34
14835,35
14836,36
14837,37
14838,38
14839,39
14840,40
14841,41
14842,42
14843,43
14844,44
14845,45
14846,46
14847,47
14848,48
14849,49
14850,50
14851,51
14852,52
14853,53
14854,54
14855,55
14856,56
14857,57
14858,58
14859,59
14860,60
14861,61
14862,62
14863,63
14864,64
14865,65
14866,66
14867,67
14868,68
14869,69
14870,70
14871,71
14872,72
14873,73
14874,74
14875,75
14876,76
14877,77
14878,78
14879,79
14880,80
14881,81
14882,82
14883,83
14884,84
14885,85
14886,86
14887,87
14888,88
14889,89
14890,90
14891,91
14892,92
14893,93
14894,94
14895,95
14896,96
14897,97
14898,98
14899,99
14900,0
14901,1
14902,2
14903,3
14904,4
14905,5
14906,6
14907,7
14908,8
14909,9
14910,10
14911,11
14912,12
14913,13
14914,14
14915,15
14916,16
14917,17
14918,18
14919,19
14920,20
14921,21
14922,22
14923,23
14924,24
14925,25
14926,26
14927,27
14928,28
14929,29
14930,30
14931,31
14932,32
14933,33
14934,34
14935,35
14936,36
14937,37
14938,38
14939,39
14940,40
14941,41
14942,42
14943,43
14944,44
14945,45
14946,46
14947,47
14948,48
14949,49
14950,50
14951,51
14952,52
14953,53
14954,54
14955,55
14956,56
14957,57
14958,58
14959,59
14960,60
14961,61
14962,62
14963,63
14964,64
14965,65
14966,66
14967,67
14968,68
14969,69
14970,70
14971,71
14972,72
14973,73
14974,74
14975,75
14976,76
14977,77
14978,78
14979,79
14980,80
14981,81
14982,82
14983,83
14984,84
14985,85
14986,86
14987,87
14988,88
14989,89
14990,90
14991,91
14992,92
14993,93
14994,94
14995,95
14996,96
14997,97
14998,98
14999,99
15000,0
15001,1
15002,2
15003,3
15004,4
15005,5
15006,6
15007,7
15008,8
15009,9
15010,10
15011,11
15012,12
15013,13
15014,14
15015,15
15016,16
15017,17
15018,18
15019,19
15020,20
15021,21
15022,22
15023,23
15024,24
15025,25
15026,26
15027,27
15028,28
15029,29
15030,30
15031,31
15032,32
15033,33
15034,34
15035,35
15036,36
15037,37
15038,38
15039,39
15040,40
15041,41
15042,42
15043,43
15044,44
15045,45
15046,46
15047,47
15048,48
15049,49
15050,50
15051,51
15052,52
15053,53
15054,54
15055,55
15056,56
15057,57
15058,58
15059,59
15060,60
15061,61
15062,62
15063,63
15064,64
15065,65
15066,66
15067,67
15068,68
15069,69
15070,70
15071,71
15072,72
15073,73
15074,74
15075,75
15076,76
15077,77
15078,78
15079,79
15080,80
15081,81
15082,82
15083,83
15084,84
15085,85
15086,86
15087,87
15088,88
15089,89
15090,90
15091,91
15092,92
15093,93
15094,94
15095,95
15096,96
15097,97
15098,98
15099,99
15100,0
15101,1
15102,2
15103,3
15104,4
15105,5
15106,6
15107,7
15108,8
15109,9
15110,10
15111,11
15112,12
15113,13
15114,14
15115,15
15116,16
15117,17
15118,18
15119,19
15120,20
15121,21
15122,22
15123,23
15124,24
15125,25
15126,26
15127,27
15128,28
15129,29
15130,30
15131,31
15132,32
15133,33
15134,34
15135,35
15136,36
15137,37
15138,38
15139,39
15140,40
15141,41
15142,42
15143,43
15144,44
15145,45
15146,46
15147,47
15148,48
15149,49
15150,50
15151,51
15152,52
15153,53
15154,54
15155,55
15156,56
15157,57
15158,58
15159,59
15160,60
15161,61
15162,62
15163,63
15164,64
15165,65
15166,66
15167,67
15168,68
15169,69
15170,70
15171,71
15172,72
15173,73
15174,74
15175,75
15176,76
15177,77
15178,78
15179,79
15180,80
15181,81
15182,82
15183,83
15184,84
15185,85
15186,86
15187,87
15188,88
15189,89
15190,90
15191,91
15192,92
15193,93
15194,94
15195,95
15196,96
15197,97
15198,98
15199,99
15200,0
15201,1
15202,2
15203,3
15204,4
15205,5
15206,6
15207,7
15208,8
15209,9
15210,10
15211,11
15212,12
15213,13
15214,14
15215,15
15216,16
15217,17
15218,18
15219,19
15220,20
15221,21
15222,22
15223,23
15224,24
15225,25
15226,26
15227,27
15228,28
15229,29
15230,30
15231,31
15232,32
15233,33
15234,34
15235,35
15236,36
15237,37
15238,38
15239,39
15240,40
15241,41
15242,42
15243,43
15244,44
15245,45
15246,46
15247,47
15248,48
15249,49
15250,50
15251,51
15252,52
15253,53
15254,54
15255,55
15256,56
15257,57
15258,58
15259,59
15260,60
15261,61
15262,62
15263,63
15264,64
15265,65
15266,66
15267,67
15268,68
15269,69
15270,70
15271,71
15272,72
15273,73
15274,74
15275,75
15276,76
15277,77
15278,78
15279,79
15280,80
15281,81
15282,82
15283,83
15284,84
15285,85
15286,86
15287,87
15288,88
15289,89
15290,90
15291,91
15292,92
15293,93
15294,94
15295,95
15296,96
15297,97
15298,98
15299,99
15300,0
15301,1
15302,2
15303,3
15304,4
15305,5
15306,6
15307,7
15308,8
15309,9
15310,10
15311,11
15312,12
15313,13
15314,14
15315,15
15316,16
15317,17
15318,18
15319,19
15320,20
15321,21
15322,22
15323,23
15324,24
15325,25
15326,26
15327,27
15328,28
15329,29
15330,30
15331,31
15332,32
15333,33
15334,34
15335,35
15336,36
15337,37
15338,38
15339,39
15340,40
15341,41
15342,42
15343,43
15344,44
15345,45
15346,46
15347,47
15348,48
15349,49
15350,50
15351,51
15352,52
15353,53
15354,54
15355,55
15356,56
15357,57
15358,58
15359,59
15360,60
15361,61
15362,62
15363,63
15364,64
15365,65
15366,66
15367,67
15368,68
15369,69
15370,70
15371,71
15372,72
15373,73
15374,74
15375,75
15376,76
15377,77
15378,78
15379,79
15380,80
15381,81
15382,82
15383,83
15384,84
15385,85
15386,86
15387,87
15388,88
15389,89
15390,90
15391,91
15392,92
15393,93
15394,94
15395,95
15396,96
15397,97
15398,98
15399,99
15400,0
15401,1
15402,2
15403,3
15404,4
15405,5
15406,6
15407,7
15408,8
15409,9
15410,10
15411,11
15412,12
15413,13
15414,14
15415,15
15416,16
15417,17
15418,18
15419,19
15420,20
15421,21
15422,22
15423,23
15424,24
15425,25
15426,26
15427,27
15428,28
15429,29
15430,30
15431,31
15432,32
15433,33
15434,34
15435,35
15436,36
15437,37
15438,38
15439,39
15440,40
15441,41
15442,42
15443,43
15444,44
15445,45
15446,46
15447,47
15448,48
15449,49
15450,50
15451,51
15452,52
15453,53
15454,54
15455,55
15456,56
15457,57
15458,58
15459,59
15460,60
15461,61
15462,62
15463,63
15464,64
15465,65
15466,66
15467,67
15468,68
15469,69
15470,70
15471,71
15472,72
15473,73
15474,74
15475,75
15476,76
15477,77
15478,78
15479,79
15480,80
15481,81
15482,82
15483,83
15484,84
15485,85
15486,86
15487,87
15488,88
15489,89
15490,90
15491,91
15492,92
15493,93
15494,94
15495,95
15496,96
15497,97
15498,98
15499,99
15500,0
15501,1
15502,2
15503,3
15504,4
15505,5
15506,6
15507,7
15508,8
15509,9
15510,10
15511,11
15512,12
15513,13
15514,14
15515,15
15516,16
15517,17
15518,18
15519,19
15520,20
15521,21
15522,22
15523,23
15524,24
15525,25
15526,26
15527,27
15528,28
15529,29
15530,30
15531,31
15532,32
15533,33
15534,34
15535,35
15536,36
15537,37
15538,38
15539,39
15540,40
15541,41
15542,42
15543,43
15544,44
15545,45
15546,46
15547,47
15548,48
15549,49
15550,50
15551,51
15552,52
15553,53
15554,54
15555,55
15556,56
15557,57
15558,58
15559,59
15560,60
15561,61
15562,62
15563,63
15564,64
15565,65
15566,66
15567,67
15568,68
15569,69
15570,70
15571,71
15572,72
15573,73
15574,74
15575,75
15576,76
15577,77
15578,78
15579,79
15580,80
15581,81
15582,82
15583,83
15584,84
15585,85
15586,86
15587,87
15588,88
15589,89
15590,90
15591,91
15592,92
15593,93
15594,94
15595,95
15596,96
15597,97
15598,98
15599,99
15600,0
15601,1
15602,2
15603,3
15604,4
15605,5
15606,6
15607,7
15608,8
15609,9
15610,10
15611,11
15612,12
15613,13
15614,14
15615,15
15616,16
15617,17
15618,18
15619,19
15620,20
15621,21
15622,22
15623,23
15624,24
15625,25
15626,26
15627,27
15628,28
15629,29
15630,30
15631,31
15632,32
15633,33
15634,34
15635,35
15636,36
15637,37
15638,38
15639,39
15640,40
15641,41
15642,42
15643,43
15644,44
15645,45
15646,46
15647,47
15648,48
15649,49
15650,50
15651,51
15652,52
15653,53
15654,54
15655,55
15656,56
15657,57
15658,58
15659,59
15660,60
15661,61
15662,62
15663,63
15664,64
15665,65
15666,66
15667,67
15668,68
15669,69
15670,70
15671,71
15672,72
15673,73
15674,74
15675,75
15676,76
15677,77
15678,78
15679,79
15680,80
15681,81
15682,82
15683,83
15684,84
15685,85
15686,86
15687,87
15688,88
15689,89
15690,90
15691,91
15692,92
15693,93
15694,94
15695,95
15696,96
15697,97
15698,98
15699,99
15700,0
15701,1
15702,2
15703,3
15704,4
15705,5
15706,6
15707,7
15708,8
15709,9
15710,10
15711,11
15712,12
15713,13
15714,14
15715,15
15716,16
15717,17
15718,18
15719,19
15720,20
15721,21
15722,22
15723,23
15724,24
15725,25
15726,26
15727,27
15728,28
15729,29
15730,30
15731,31
15732,32
15733,33
15734,34
15735,35
15736,36
15737,37
15738,38
15739,39
15740,40
15741,41
15742,42
15743,43
15744,44
15745,45
15746,46
15747,47
15748,48
15749,49
15750,50
15751,51
15752,52
15753,53
15754,54
15755,55
15756,56
15757,57
15758,58
15759,59
15760,60
15761,61
15762,62
15763,63
15764,64
15765,65
15766,66
15767,67
15768,68
15769,69
15770,70
15771,71
15772,72
15773,73
15774,74
15775,75
15776,76
15777,77
15778,78
15779,79
15780,80
15781,81
15782,82
15783,83
15784,84
15785,85
15786,86
15787,87
15788,88
15789,89
15790,90
15791,91
15792,92
15793,93
15794,94
15795,95
15796,96
15797,97
15798,98
15799,99
15800,0
15801,1
15802,2
15803,3
15804,4
15805,5
15806,6
15807,7
15808,8
15809,9
15810,10
15811,11
15812,12
15813,13
15814,14
15815,15
15816,16
15817,17
15818,18
15819,19
15820,20
15821,21
15822,22
15823,23
15824,24
15825,25
15826,26
15827,27
15828,28
15829,29
15830,30
15831,31
15832,32
15833,33
15834,34
15835,35
15836,36
15837,37
15838,38
15839,39
15840,40
15841,41
15842,42
15843,43
15844,44
15845,45
15846,46
15847,47
15848,48
15849,49
15850,50
15851,51
15852,52
15853,53
15854,54
15855,55
15856,56
15857,57
15858,58
15859,59
15860,60
15861,61
15862,62
15863,63
15864,64
15865,65
15866,66
15867,67
15868,68
15869,69
15870,70
15871,71
15872,72
15873,73
15874,74
15875,75
15876,76
15877,77
15878,78
15879,79
15880,80
15881,81
15882,82
15883,83
15884,84
15885,85
15886,86
15887,87
15888,88
15889,89
15890,90
15891,91
15892,92
15893,93
15894,94
15895,95
15896,96
15897,97
15898,98
15899,99
15900,0
15901,1
15902,2
15903,3
15904,4
15905,5
15906,6
15907,7
15908,8
15909,9
15910,10
15911,11
15912,12
15913,13
15914,14
15915,15
15916,16
15917,17
15918,18
15919,19
15920,20
15921,21
15922,22
15923,23
15924,24
15925,25
15926,26
15927,27
15928,28
15929,29
15930,30
15931,31
15932,32
15933,33
15934,34
15935,35
15936,36
15937,37
15938,38
15939,39
15940,40
15941,41
15942,42
15943,43
15944,44
15945,45
15946,46
15947,47
15948,48
15949,49
15950,50
15951,51
15952,52
15953,53
15954,54
15955,55
15956,56
15957,57
15958,58
15959,59
15960,60
15961,61
15962,62
15963,63
15964,64
15965,65
15966,66
15967,67
15968,68
15969,69
15970,70
15971,71
15972,72
15973,73
15974,74
15975,75
15976,76
15977,77
15978,78
15979,79
15980,80
15981,81
15982,82
15983,83
15984,84
15985,85
15986,86
15987,87
15988,88
15989,89
15990,90
15991,91
15992,92
15993,93
15994,94
15995,95
15996,96
15997,97
15998,98
15999,99
16000,0
16001,1
16002,2
16003,3
16004,4
16005,5
16006,6
16007,7
16008,8
16009,9
16010,10
16011,11
16012,12
16013,13
16014,14
16015,15
16016,16
16017,17
16018,18
16019,19
16020,20
16021,21
16022,22
16023,23
16024,24
16025,25
16026,26
16027,27
16028,28
16029,29
16030,30
16031,31
16032,32
16033,33
16034,34
16035,35
16036,36
16037,37
16038,38
16039,39
16040,40
16041,41
16042,42
16043,43
16044,44
16045,45
16046,46
16047,47
16048,48
16049,49
16050,50
16051,51
16052,52
16053,53
16054,54
16055,55
16056,56
16057,57
16058,58
16059,59
16060,60
16061,61
16062,62
16063,63
16064,64
16065,65
16066,66
16067,67
16068,68
16069,69
16070,70
16071,71
16072,72
16073,73
16074,74
16075,75
16076,76
16077,77
16078,78
16079,79
16080,80
16081,81
16082,82
16083,83
16084,84
16085,85
16086,86
16087,87
16088,88
16089,89
16090,90
16091,91
16092,92
16093,93
16094,94
16095,95
16096,96
16097,97
16098,98
16099,99
16100,0
16101,1
16102,2
16103,3
16104,4
16105,5
16106,6
16107,7
16108,8
16109,9
16110,10
16111,11
16112,12
16113,13
16114,14
16115,15
16116,16
16117,17
16118,18
16119,19
16120,20
16121,21
16122,22
16123,23
16124,24
16125,25
16126,26
16127,27
16128,28
16129,29
16130,30
16131,31
16132,32
16133,33
16134,34
16135,35
16136,36
16137,37
16138,38
16139,39
16140,40
16141,41
16142,42
16143,43
16144,44
16145,45
16146,46
16147,47
16148,48
16149,49
16150,50
16151,51
16152,52
16153,53
16154,54
16155,55
16156,56
16157,57
16158,58
16159,59
16160,60
16161,61
16162,62
16163,63
16164,64
16165,65
16166,66
16167,67
16168,68
16169,69
16170,70
16171,71
16172,72
16173,73
16174,74
16175,75
16176,76
16177,77
16178,78
16179,79
16180,80
16181,81
16182,82
16183,83
16184,84
16185,85
16186,86
16187,87
16188,88
16189,89
16190,90
16191,91
16192,92
16193,93
16194,94
16195,95
16196,96
16197,97
16198,98
16199,99
16200,0
16201,1
16202,2
16203,3
16204,4
16205,5
16206,6
16207,7
16208,8
16209,9
16210,10
16211,11
16212,12
16213,13
16214,14
16215,15
16216,16
16217,17
16218,18
16219,19
16220,20
16221,21
16222,22
16223,23
16224,24
16225,25
16226,26
16227,27
16228,28
16229,29
16230,30
16231,31
16232,32
16233,33
16234,34
16235,35
16236,36
16237,37
16238,38
16239,39
16240,40
16241,41
16242,42
16243,43
16244,44
16245,45
16246,46
16247,47
16248,48
16249,49
16250,50
16251,51
16252,52
16253,53
16254,54
16255,55
16256,56
16257,57
16258,58
16259,59
16260,60
16261,61
16262,62
16263,63
16264,64
16265,65
16266,66
16267,67
16268,68
16269,69
16270,70
16271,71
16272,72
16273,73
16274,74
16275,75
16276,76
16277,77
16278,78
16279,79
16280,80
16281,81
16282,82
16283,83
16284,84
16285,85
16286,86
16287,87
16288,88
16289,89
16290,90
16291,91
16292,92
16293,93
16294,94
16295,95
16296,96
16297,97
16298,98
16299,99
16300,0
16301,1
16302,2
16303,3
16304,4
16305,5
16306,6
16307,7
16308,8
16309,9
16310,10
16311,11
16312,12
16313,13
16314,14
16315,15
16316,16
16317,17
16318,18
16319,19
16320,20
16321,21
16322,22
16323,23
16324,24
16325,25
16326,26
16327,27
16328,28
16329,29
16330,30
16331,31
16332,32
16333,33
16334,34
16335,35
16336,36
16337,37
16338,38
16339,39
16340,40
16341,41
16342,42
16343,43
16344,44
16345,45
16346,46
16347,47
16348,48
16349,49
16350,50
16351,51
16352,52
16353,53
16354,54
16355,55
16356,56
16357,57
16358,58
16359,59
16360,60
16361,61
16362,62
16363,63
16364,64
16365,65
16366,66
16367,67
16368,68
16369,69
16370,70
16371,71
16372,72
16373,73
16374,74
16375,75
16376,76
16377,77
16378,78
16379,79
16380,80
16381,81
16382,82
16383,83
16384,84
16385,85
16386,86
16387,87
16388,88
16389,89
16390,90
16391,91
16392,92
16393,93
16394,94
16395,95
16396,96
16397,97
16398,98
16399,99
16400,0
16401,1
16402,2
16403,3
16404,4
16405,5
16406,6
16407,7
16408,8
16409,9
16410,10
16411,11
16412,12
16413,13
16414,14
16415,15
16416,16
16417,17
16418,18
16419,19
16420,20
16421,21
16422,22
16423,23
16424,24
16425,25
16426,26
16427,27
16428,28
16429,29
16430,30
16431,31
16432,32
16433,33
16434,34
16435,35
16436,36
16437,37
16438,38
16439,39
16440,40
16441,41
16442,42
16443,43
16444,44
16445,45
16446,46
16447,47
16448,48
16449,49
16450,50
16451,51
16452,52
16453,53
16454,54
16455,55
16456,56
16457,57
16458,58
16459,59
16460,60
16461,61
16462,62
16463,63
16464,64
16465,65
16466,66
16467,67
16468,68
16469,69
16470,70
16471,71
16472,72
16473,73
16474,74
16475,75
16476,76
16477,77
16478,78
16479,79
16480,80
16481,81
16482,82
16483,83
16484,84
16485,85
16486,86
16487,87
16488,88
16489,89
16490,90
16491,91
16492,92
16493,93
16494,94
16495,95
16496,96
16497,97
16498,98
16499,99
16500,0
16501,1
16502,2
16503,3
16504,4
16505,5
16506,6
16507,7
16508,8
16509,9
16510,10
16511,11
16512,12
16513,13
16514,14
16515,15
16516,16
16517,17
16518,18
16519,19
16520,20
16521,21
16522,22
16523,23
16524,24
16525,25
16526,26
16527,27
16528,28
16529,29
16530,30
16531,31
16532,32
16533,33
16534,34
16535,35
16536,36
16537,37
16538,38
16539,39
16540,40
16541,41
16542,42
16543,43
16544,44
16545,45
16546,46
16547,47
16548,48
16549,49
16550,50
16551,51
16552,52
16553,53
16554,54
16555,55
16556,56
16557,57
16558,58
16559,59
16560,60
16561,61
16562,62
16563,63
16564,64
16565,65
16566,66
16567,67
16568,68
16569,69
16570,70
16571,71
16572,72
16573,73
16574,74
16575,75
16576,76
16577,77
16578,78
16579,79
16580,80
16581,81
16582,82
16583,83
16584,84
16585,85
16586,86
16587,87
16588,88
16589,89
16590,90
16591,91
16592,92
16593,93
16594,94
16595,95
16596,96
16597,97
16598,98
16599,99
16600,0
16601,1
16602,2
16603,3
16604,4
16605,5
16606,6
16607,7
16608,8
16609,9
16610,10
16611,11
16612,12
16613,13
16614,14
16615,15
16616,16
16617,17
16618,18
16619,19
16620,20
16621,21
16622,22
16623,23
16624,24
16625,25
16626,26
16627,27
16628,28
16629,29
16630,30
16631,31
16632,32
16633,33
16634,34
16635,35
16636,36
16637,37
16638,38
16639,39
16640,40
16641,41
16642,42
16643,43
16644,44
16645,45
16646,46
16647,47
16648,48
16649,49
16650,50
16651,51
16652,52
16653,53
16654,54
16655,55
16656,56
16657,57
16658,58
16659,59
16660,60
16661,61
16662,62
16663,63
16664,64
16665,65
16666,66
16667,67
16668,68
16669,69
16670,70
16671,71
16672,72
16673,73
16674,74
16675,75
16676,76
16677,77
16678,78
16679,79
16680,80
16681,81
16682,82
16683,83
16684,84
16685,85
16686,86
16687,87
16688,88
16689,89
16690,90
16691,91
16692,92
16693,93
16694,94
16695,95
16696,96
16697,97
16698,98
16699,99
16700,0
16701,1
16702,2
16703,3
16704,4
16705,5
16706,6
16707,7
16708,8
16709,9
16710,10
16711,11
16712,12
16713,13
16714,14
16715,15
16716,16
16717,17
16718,18
16719,19
16720,20
16721,21
16722,22
16723,23
16724,24
16725,25
16726,26
16727,27
16728,28
16729,29
16730,30
16731,31
16732,32
16733,33
16734,34
16735,35
16736,36
16737,37
16738,38
16739,39
16740,40
16741,41
16742,42
16743,43
16744,44
16745,45
16746,46
16747,47
16748,48
16749,49
16750,50
16751,51
16752,52
16753,53
16754,54
16755,55
16756,56
16757,57
16758,58
16759,59
16760,60
16761,61
16762,62
16763,63
16764,64
16765,65
16766,66
16767,67
16768,68
16769,69
16770,70
16771,71
16772,72
16773,73
16774,74
16775,75
16776,76
16777,77
16778,78
16779,79
16780,80
16781,81
16782,82
16783,83
16784,84
16785,85
16786,86
16787,87
16788,88
16789,89
16790,90
16791,91
16792,92
16793,93
16794,94
16795,95
16796,96
16797,97
16798,98
16799,99
16800,0
16801,1
16802,2
16803,3
16804,4
16805,5
16806,6
16807,7
16808,8
16809,9
16810,10
16811,11
16812,12
16813,13
16814,14
16815,15
16816,16
16817,17
16818,18
16819,19
16820,20
16821,21
16822,22
16823,23
16824,24
16825,25
16826,26
16827,27
16828,28
16829,29
16830,30
16831,31
16832,32
16833,33
16834,34
16835,35
16836,36
16837,37
16838,38
16839,39
16840,40
16841,41
16842,42
16843,43
16844,44
16845,45
16846,46
16847,47
16848,48
16849,49
16850,50
16851,51
16852,52
16853,53
16854,54
16855,55
16856,56
16857,57
16858,58
16859,59
16860,60
16861,61
16862,62
16863,63
16864,64
16865,65
16866,66
16867,67
16868,68
16869,69
16870,70
16871,71
16872,72
16873,73
16874,74
16875,75
16876,76
16877,77
16878,78
16879,79
16880,80
16881,81
16882,82
16883,83
16884,84
16885,85
16886,86
16887,87
16888,88
16889,89
16890,90
16891,91
16892,92
16893,93
16894,94
16895,95
16896,96
16897,97
16898,98
16899,99
16900,0
16901,1
16902,2
16903,3
16904,4
16905,5
16906,6
16907,7
16908,8
16909,9
16910,10
16911,11
16912,12
16913,13
16914,14
16915,15
16916,16
16917,17
16918,18
16919,19
16920,20
16921,21
16922,22
16923,23
16924,24
16925,25
16926,26
16927,27
16928,28
16929,29
16930,30
16931,31
16932,32
16933,33
16934,34
16935,35
16936,36
16937,37
16938,38
16939,39
16940,40
16941,41
16942,42
16943,43
16944,44
16945,45
16946,46
16947,47
16948,48
16949,49
16950,50
16951,51
16952,52
16953,53
16954,54
16955,55
16956,56
16957,57
16958,58
16959,59
16960,60
16961,61
16962,62
16963,63
16964,64
16965,65
16966,66
16967,67
16968,68
16969,69
16970,70
16971,71
16972,72
16973,73
16974,74
16975,75
16976,76
16977,77
16978,78
16979,79
16980,80
16981,81
16982,82
16983,83
16984,84
16985,85
16986,86
16987,87
16988,88
16989,89
16990,90
16991,91
16992,92
16993,93
16994,94
16995,95
16996,96
16997,97
16998,98
16999,99
17000,0
17001,1
17002,2
17003,3
17004,4
17005,5
17006,6
17007,7
17008,8
17009,9
17010,10
17011,11
17012,12
17013,13
17014,14
17015,15
17016,16
17017,17
17018,18
17019,19
17020,20
17021,21
17022,22
17023,23
17024,24
17025,25
17026,26
17027,27
17028,28
17029,29
17030,30
17031,31
17032,32
17033,33
17034,34
17035,35
17036,36
17037,37
17038,38
17039,39
17040,40
17041,41
17042,42
17043,43
17044,44
17045,45
17046,46
17047,47
17048,48
17049,49
17050,50
17051,51
17052,52
17053,53
17054,54
17055,55
17056,56
17057,57
17058,58
17059,59
17060,60
17061,61
17062,62
17063,63
17064,64
17065,65
17066,66
17067,67
17068,68
17069,69
17070,70
17071,71
17072,72
17073,73
17074,74
17075,75
17076,76
17077,77
17078,78
17079,79
17080,80
17081,81
17082,82
17083,83
17084,84
17085,85
17086,86
17087,87
17088,88
17089,89
17090,90
17091,91
17092,92
17093,93
17094,94
17095,95
17096,96
17097,97
17098,98
17099,99
17100,0
17101,1
17102,2
17103,3
17104,4
17105,5
17106,6
17107,7
17108,8
17109,9
17110,10
17111,11
17112,12
17113,13
17114,14
17115,15
17116,16
17117,17
17118,18
17119,19
17120,20
17121,21
17122,22
17123,23
17124,24
17125,25
17126,26
17127,27
17128,28
17129,29
17130,30
17131,31
17132,32
17133,33
17134,34
17135,35
17136,36
17137,37
17138,38
17139,39
17140,40
17141,41
17142,42
17143,43
17144,44
17145,45
17146,46
17147,47
17148,48
17149,49
17150,50
17151,51
17152,52
17153,53
17154,54
17155,55
17156,56
17157,57
17158,58
17159,59
17160,60
17161,61
17162,62
17163,63
17164,64
17165,65
17166,66
17167,67
17168,68
17169,69
17170,70
17171,71
17172,72
17173,73
17174,74
17175,75
17176,76
17177,77
17178,78
17179,79
17180,80
17181,81
17182,82
17183,83
17184,84
17185,85
17186,86
17187,87
17188,88
17189,89
17190,90
17191,91
17192,92
17193,93
17194,94
17195,95
17196,96
17197,97
17198,98
17199,99
17200,0
17201,1
17202,2
17203,3
17204,4
17205,5
17206,6
17207,7
17208,8
17209,9
17210,10
17211,11
17212,12
17213,13
17214,14
17215,15
17216,16
17217,17
17218,18
17219,19
17220,20
17221,21
17222,22
17223,23
17224,24
17225,25
17226,26
17227,27
17228,28
17229,29
17230,30
17231,31
17232,32
17233,33
17234,34
17235,35
17236,36
17237,37
17238,38
17239,39
17240,40
17241,41
17242,42
17243,43
17244,44
17245,45
17246,46
17247,47
17248,48
17249,49
17250,50
17251,51
17252,52
17253,53
17254,54
17255,55
17256,56
17257,57
17258,58
17259,59
17260,60
17261,61
17262,62
17263,63
17264,64
17265,65
17266,66
17267,67
17268,68
17269,69
17270,70
17271,71
17272,72
17273,73
17274,74
17275,75
17276,76
17277,77
17278,78
17279,79
17280,80
17281,81
17282,82
17283,83
17284,84
17285,85
17286,86
17287,87
17288,88
17289,89
17290,90
17291,91
17292,92
17293,93
17294,94
17295,95
17296,96
17297,97
17298,98
17299,99
17300,0
17301,1
17302,2
17303,3
17304,4
17305,5
17306,6
17307,7
17308,8
17309,9
17310,10
17311,11
17312,12
17313,13
17314,14
17315,15
17316,16
17317,17
17318,18
17319,19
17320,20
17321,21
17322,22
17323,23
17324,24
17325,25
17326,26
17327,27
17328,28
17329,29
17330,30
17331,31
17332,32
17333,33
17334,34
17335,35
17336,36
17337,37
17338,38
17339,39
17340,40
17341,41
17342,42
17343,43
17344,44
17345,45
17346,46
17347,47
17348,48
17349,49
17350,50
17351,51
17352,52
17353,53
17354,54
17355,55
17356,56
17357,57
17358,58
17359,59
17360,60
17361,61
17362,62
17363,63
17364,64
17365,65
17366,66
17367,67
17368,68
17369,69
17370,70
17371,71
17372,72
17373,73
17374,74
17375,75
17376,76
17377,77
17378,78
17379,79
17380,80
17381,81
17382,82
17383,83
17384,84
17385,85
17386,86
17387,87
17388,88
17389,89
17390,90
17391,91
17392,92
17393,93
17394,94
17395,95
17396,96
17397,97
17398,98
17399,99
17400,0
17401,1
17402,2
17403,3
17404,4
17405,5
17406,6
17407,7
17408,8
17409,9
17410,10
17411,11
17412,12
17413,13
17414,14
17415,15
17416,16
17417,17
17418,18
17419,19
17420,20
17421,21
17422,22
17423,23
17424,24
17425,25
17426,26
17427,27
17428,28
17429,29
17430,30
17431,31
17432,32
17433,33
17434,34
17435,35
17436,36
17437,37
17438,38
17439,39
17440,40
17441,41
17442,42
17443,43
17444,44
17445,45
17446,46
17447,47
17448,48
17449,49
17450,50
17451,51
17452,52
17453,53
17454,54
17455,55
17456,56
17457,57
17458,58
17459,59
17460,60
17461,61
17462,62
17463,63
17464,64
17465,65
17466,66
17467,67
17468,68
17469,69
17470,70
17471,71
17472,72
17473,73
17474,74
17475,75
17476,76
17477,77
17478,78
17479,79
17480,80
17481,81
17482,82
17483,83
17484,84
17485,85
17486,86
17487,87
17488,88
17489,89
17490,90
17491,91
17492,92
17493,93
17494,94
17495,95
17496,96
17497,97
17498,98
17499,99
17500,0
17501,1
17502,2
17503,3
17504,4
17505,5
17506,6
17507,7
17508,8
17509,9
17510,10
17511,11
17512,12
17513,13
17514,14
17515,15
17516,16
17517,17
17518,18
17519,19
17520,20
17521,21
17522,22
17523,23
17524,24
17525,25
17526,26
17527,27
17528,28
17529,29
17530,30
17531,31
17532,32
17533,33
17534,34
17535,35
17536,36
17537,37
17538,38
17539,39
17540,40
17541,41
17542,42
17543,43
17544,44
17545,45
17546,46
17547,47
17548,48
17549,49
17550,50
17551,51
17552,52
17553,53
17554,54
17555,55
17556,56
17557,57
17558,58
17559,59
17560,60
17561,61
17562,62
17563,63
17564,64
17565,65
17566,66
17567,67
17568,68
17569,69
17570,70
17571,71
17572,72
17573,73
17574,74
17575,75
17576,76
17577,77
17578,78
17579,79
17580,80
17581,81
17582,82
17583,83
17584,84
17585,85
17586,86
17587,87
17588,88
17589,89
17590,90
17591,91
17592,92
17593,93
17594,94
17595,95
17596,96
17597,97
17598,98
17599,99
17600,0
17601,1
17602,2
17603,3
17604,4
17605,5
17606,6
17607,7
17608,8
17609,9
17610,10
17611,11
17612,12
17613,13
17614,14
17615,15
17616,16
17617,17
17618,18
17619,19
17620,20
17621,21
17622,22
17623,23
17624,24
17625,25
17626,26
17627,27
17628,28
17629,29
17630,30
17631,31
17632,32
17633,33
17634,34
17635,35
17636,36
17637,37
17638,38
17639,39
17640,40
17641,41
17642,42
17643,43
17644,44
17645,45
17646,46
17647,47
17648,48
17649,49
17650,50
17651,51
17652,52
17653,53
17654,54
17655,55
17656,56
17657,57
17658,58
17659,59
17660,60
17661,61
17662,62
17663,63
17664,64
17665,65
17666,66
17667,67
17668,68
17669,69
17670,70
17671,71
17672,72
17673,73
17674,74
17675,75
17676,76
17677,77
17678,78
17679,79
17680,80
17681,81
17682,82
17683,83
17684,84
17685,85
17686,86
17687,87
17688,88
17689,89
17690,90
17691,91
17692,92
17693,93
17694,94
17695,95
17696,96
17697,97
17698,98
17699,99
17700,0
17701,1
17702,2
17703,3
17704,4
17705,5
17706,6
17707,7
17708,8
17709,9
17710,10
17711,11
17712,12
17713,13
17714,14
17715,15
17716,16
17717,17
17718,18
17719,19
17720,20
17721,21
17722,22
17723,23
17724,24
17725,25
17726,26
17727,27
17728,28
17729,29
17730,30
17731,31
17732,32
17733,33
17734,34
17735,35
17736,36
17737,37
17738,38
17739,39
17740,40
17741,41
17742,42
17743,43
17744,44
17745,45
17746,46
17747,47
17748,48
17749,49
17750,50
17751,51
17752,52
17753,53
17754,54
17755,55
17756,56
17757,57
17758,58
17759,59
17760,60
17761,61
17762,62
17763,63
17764,64
17765,65
17766,66
17767,67
17768,68
17769,69
17770,70
17771,71
17772,72
17773,73
17774,74
17775,75
17776,76
17777,77
17778,78
17779,79
17780,80
17781,81
17782,82
17783,83
17784,84
17785,85
17786,86
17787,87
17788,88
17789,89
17790,90
17791,91
17792,92
17793,93
17794,94
17795,95
17796,96
17797,97
17798,98
17799,99
17800,0
17801,1
17802,2
17803,3
17804,4
17805,5
17806,6
17807,7
17808,8
17809,9
17810,10
17811,11
17812,12
17813,13
17814,14
17815,15
17816,16
17817,17
17818,18
17819,19
17820,20
17821,21
17822,22
17823,23
17824,24
17825,25
17826,26
17827,27
17828,28
17829,29
17830,30
17831,31
17832,32
17833,33
17834,34
17835,35
17836,36
17837,37
17838,38
17839,39
17840,40
17841,41
17842,42
17843,43
17844,44
17845,45
17846,46
17847,47
17848,48
17849,49
17850,50
17851,51
17852,52
17853,53
17854,54
17855,55
17856,56
17857,57
17858,58
17859,59
17860,60
17861,61
17862,62
17863,63
17864,64
17865,65
17866,66
17867,67
17868,68
17869,69
17870,70
17871,71
17872,72
17873,73
17874,74
17875,75
17876,76
17877,77
17878,78
17879,79
17880,80
17881,81
17882,82
17883,83
17884,84
17885,85
17886,86
17887,87
17888,88
17889,89
17890,90
17891,91
17892,92
17893,93
17894,94
17895,95
17896,96
17897,97
17898,98
17899,99
17900,0
17901,1
17902,2
17903,3
17904,4
17905,5
17906,6
17907,7
17908,8
17909,9
17910,10
17911,11
17912,12
17913,13
17914,14
17915,15
17916,16
17917,17
17918,18
17919,19
17920,20
17921,21
17922,22
17923,23
17924,24
17925,25
17926,26
17927,27
17928,28
17929,29
17930,30
17931,31
17932,32
17933,33
17934,34
17935,35
17936,36
17937,37
17938,38
17939,39
17940,40
17941,41
17942,42
17943,43
17944,44
17945,45
17946,46
17947,47
17948,48
17949,49
17950,50
17951,51
17952,52
17953,53
17954,54
17955,55
17956,56
17957,57
17958,58
17959,59
17960,60
17961,61
17962,62
17963,63
17964,64
17965,65
17966,66
17967,67
17968,68
17969,69
17970,70
17971,71
17972,72
17973,73
17974,74
17975,75
17976,76
17977,77
17978,78
17979,79
17980,80
17981,81
17982,82
17983,83
17984,84
17985,85
17986,86
17987,87
17988,88
17989,89
17990,90
17991,91
17992,92
17993,93
17994,94
17995,95
17996,96
17997,97
17998,98
17999,99
18000,0
18001,1
18002,2
18003,3
18004,4
18005,5
18006,6
18007,7
18008,8
18009,9
18010,10
18011,11
18012,12
18013,13
18014,14
18015,15
18016,16
18017,17
18018,18
18019,19
18020,20
18021,21
18022,22
18023,23
18024,24
18025,25
18026,26
18027,27
18028,28
18029,29
18030,30
18031,31
18032,32
18033,33
18034,34
18035,35
18036,36
18037,37
18038,38
18039,39
18040,40
18041,41
18042,42
18043,43
18044,44
18045,45
18046,46
18047,47
18048,48
18049,49
18050,50
18051,51
18052,52
18053,53
18054,54
18055,55
18056,56
18057,57
18058,58
18059,59
18060,60
18061,61
18062,62
18063,63
18064,64
18065,65
18066,66
18067,67
18068,68
18069,69
18070,70
18071,71
18072,72
18073,73
18074,74
18075,75
18076,76
18077,77
18078,78
18079,79
18080,80
18081,81
18082,82
18083,83
18084,84
18085,85
18086,86
18087,87
18088,88
18089,89
18090,90
18091,91
18092,92
18093,93
18094,94
18095,95
18096,96
18097,97
18098,98
18099,99
18100,0
18101,1
18102,2
18103,3
18104,4
18105,5
18106,6
18107,7
18108,8
18109,9
18110,10
18111,11
18112,12
18113,13
18114,14
18115,15
18116,16
18117,17
18118,18
18119,19
18120,20
18121,21
18122,22
18123,23
18124,24
18125,25
18126,26
18127,27
18128,28
18129,29
18130,30
18131,31
18132,32
18133,33
18134,34
18135,35
18136,36
18137,37
18138,38
18139,39
18140,40
18141,41
18142,42
18143,43
18144,44
18145,45
18146,46
18147,47
18148,48
18149,49
18150,50
18151,51
18152,52
18153,53
18154,54
18155,55
18156,56
18157,57
18158,58
18159,59
18160,60
18161,61
18162,62
18163,63
18164,64
18165,65
18166,66
18167,67
18168,68
18169,69
18170,70
18171,71
18172,72
18173,73
18174,74
18175,75
18176,76
18177,77
18178,78
18179,79
18180,80
18181,81
18182,82
18183,83
18184,84
18185,85
18186,86
18187,87
18188,88
18189,89
18190,90
18191,91
18192,92
18193,93
18194,94
18195,95
18196,96
18197,97
18198,98
18199,99
18200,0
18201,1
18202,2
18203,3
18204,4
18205,5
18206,6
18207,7
18208,8
18209,9
18210,10
18211,11
18212,12
18213,13
18214,14
18215,15
18216,16
18217,17
18218,18
18219,19
18220,20
18221,21
18222,22
18223,23
18224,24
18225,25
18226,26
18227,27
18228,28
18229,29
18230,30
18231,31
18232,32
18233,33
18234,34
18235,35
18236,36
18237,37
18238,38
18239,39
18240,40
18241,41
18242,42
18243,43
18244,44
18245,45
18246,46
18247,47
18248,48
18249,49
18250,50
18251,51
18252,52
18253,53
18254,54
18255,55
18256,56
18257,57
18258,58
18259,59
18260,60
18261,61
18262,62
18263,63
18264,64
18265,65
18266,66
18267,67
18268,68
18269,69
18270,70
18271,71
18272,72
18273,73
18274,74
18275,75
18276,76
18277,77
18278,78
18279,79
18280,80
18281,81
18282,82
18283,83
18284,84
18285,85
18286,86
18287,87
18288,88
18289,89
18290,90
18291,91
18292,92
18293,93
18294,94
18295,95
18296,96
18297,97
18298,98
18299,99
18300,0
18301,1
18302,2
18303,3
18304,4
18305,5
18306,6
18307,7
18308,8
18309,9
18310,10
18311,11
18312,12
18313,13
18314,14
18315,15
18316,16
18317,17
18318,18
18319,19
18320,20
18321,21
18322,22
18323,23
18324,24
18325,25
18326,26
18327,27
18328,28
18329,29
18330,30
18331,31
18332,32
18333,33
18334,34
18335,35
18336,36
18337,37
18338,38
18339,39
18340,40
18341,41
18342,42
18343,43
18344,44
18345,45
18346,46
18347,47
18348,48
18349,49
18350,50
18351,51
18352,52
18353,53
18354,54
18355,55
18356,56
18357,57
18358,58
18359,59
18360,60
18361,61
18362,62
18363,63
18364,64
18365,65
18366,66
18367,67
18368,68
18369,69
18370,70
18371,71
18372,72
18373,73
18374,74
18375,75
18376,76
18377,77
18378,78
18379,79
18380,80
18381,81
18382,82
18383,83
18384,84
18385,85
18386,86
18387,87
18388,88
18389,89
18390,90
18391,91
18392,92
18393,93
18394,94
18395,95
18396,96
18397,97
18398,98
18399,99
18400,0
18401,1
18402,2
18403,3
18404,4
18405,5
18406,6
18407,7
18408,8
18409,9
18410,10
18411,11
18412,12
18413,13
18414,14
18415,15
18416,16
18417,17
18418,18
18419,19
18420,20
18421,21
18422,22
18423,23
18424,24
18425,25
18426,26
18427,27
18428,28
18429,29
18430,30
18431,31
18432,32
18433,33
18434,34
18435,35
18436,36
18437,37
18438,38
18439,39
18440,40
18441,41
18442,42
18443,43
18444,44
18445,45
18446,46
18447,47
18448,48
18449,49
18450,50
18451,51
18452,52
18453,53
18454,54
18455,55
18456,56
18457,57
18458,58
18459,59
18460,60
18461,61
18462,62
18463,63
18464,64
18465,65
18466,66
18467,67
18468,68
18469,69
18470,70
18471,71
18472,72
18473,73
18474,74
18475,75
18476,76
18477,77
18478,78
18479,79
18480,80
18481,81
18482,82
18483,83
18484,84
18485,85
18486,86
18487,87
18488,88
18489,89
18490,90
18491,91
18492,92
18493,93
18494,94
18495,95
18496,96
18497,97
18498,98
18499,99
18500,0
18501,1
18502,2
18503,3
18504,4
18505,5
18506,6
18507,7
18508,8
18509,9
18510,10
18511,11
18512,12
18513,13
18514,14
18515,15
18516,16
18517,17
18518,18
18519,19
18520,20
18521,21
18522,22
18523,23
18524,24
18525,25
18526,26
18527,27
18528,28
18529,29
18530,30
18531,31
18532,32
18533,33
18534,34
18535,35
18536,36
18537,37
18538,38
18539,39
18540,40
18541,41
18542,42
18543,43
18544,44
18545,45
18546,46
18547,47
18548,48
18549,49
18550,50
18551,51
18552,52
18553,53
18554,54
18555,55
18556,56
18557,57
18558,58
18559,59
18560,60
18561,61
18562,62
18563,63
18564,64
18565,65
18566,66
18567,67
18568,68
18569,69
18570,70
18571,71
18572,72
18573,73
18574,74
18575,75
18576,76
18577,77
18578,78
18579,79
18580,80
18581,81
18582,82
18583,83
18584,84
18585,85
18586,86
18587,87
18588,88
18589,89
18590,90
18591,91
18592,92
18593,93
18594,94
18595,95
18596,96
18597,97
18598,98
18599,99
18600,0
18601,1
18602,2
18603,3
18604,4
18605,5
18606,6
18607,7
18608,8
18609,9
18610,10
18611,11
18612,12
18613,13
18614,14
18615,15
18616,16
18617,17
18618,18
18619,19
18620,20
18621,21
18622,22
18623,23
18624,24
18625,25
18626,26
18627,27
18628,28
18629,29
18630,30
18631,31
18632,32
18633,33
18634,34
18635,35
18636,36
18637,37
18638,38
18639,39
18640,40
18641,41
18642,42
18643,43
18644,44
18645,45
18646,46
18647,47
18648,48
18649,49
18650,50
18651,51
18652,52
18653,53
18654,54
18655,55
18656,56
18657,57
18658,58
18659,59
18660,60
18661,61
18662,62
18663,63
18664,64
18665,65
18666,66
18667,67
18668,68
18669,69
18670,70
18671,71
18672,72
18673,73
18674,74
18675,75
18676,76
18677,77
18678,78
18679,79
18680,80
18681,81
18682,82
18683,83
18684,84
18685,85
18686,86
18687,87
18688,88
18689,89
18690,90
18691,91
18692,92
18693,93
18694,94
18695,95
18696,96
18697,97
18698,98
18699,99
18700,0
18701,1
18702,2
18703,3
18704,4
18705,5
18706,6
18707,7
18708,8
18709,9
18710,10
18711,11
18712,12
18713,13
18714,14
18715,15
18716,16
18717,17
18718,18
18719,19
18720,20
18721,21
18722,22
18723,23
18724,24
18725,25
18726,26
18727,27
18728,28
18729,29
18730,30
18731,31
18732,32
18733,33
18734,34
18735,35
18736,36
18737,37
18738,38
18739,39
18740,40
18741,41
18742,42
18743,43
18744,44
18745,45
18746,46
18747,47
18748,48
18749,49
18750,50
18751,51
18752,52
18753,53
18754,54
18755,55
18756,56
18757,57
18758,58
18759,59
18760,60
18761,61
18762,62
18763,63
18764,64
18765,65
18766,66
18767,67
18768,68
18769,69
18770,70
18771,71
